title,artist,album,genre,duration,file_path,cover_image,lyrics,lyrics_type,released_date,is_vip,status,listens,mood_tags,activity_tags,topic_tags
Một thời đã xa,Phương Thanh,,Pop,300,songs/custom/001_mot_thoi_da_xa.mp3,covers/songs/custom/001_mot_thoi_da_xa.jpg,,plain,2000-01-01,0,published,0,buon;tam-trang,ngu,ky-uc
Tình xa khuất,Phương Thanh,,Pop,354,songs/custom/002_tinh_xa_khuat.mp3,covers/songs/custom/002_tinh_xa_khuat.jpg,,plain,1998-05-20,0,published,0,buon;lang-man,lam-viec,chia-tay
Trống vắng,Phương Thanh,,Rock,321,songs/custom/003_trong_vang.mp3,covers/songs/custom/003_trong_vang.jpg,,plain,1997-10-10,0,published,0,energetic;tam-trang,lai-xe,ky-uc
Lang thang,Phương Thanh,,Pop,357,songs/custom/004_lang_thang.mp3,covers/songs/custom/004_lang_thang.jpg,,plain,1997-12-01,0,published,0,buon;thu-gian,chay-bo,cuoc-song
Tình cờ,Phương Thanh,,Pop,213,songs/custom/005_tinh_co.mp3,covers/songs/custom/005_tinh_co.jpg,,plain,1999-03-15,0,published,0,vui-ve;lang-man,hoc-tap,tinh-yeu
Tình 2000,Phương Thanh,,Pop,342,songs/custom/006_tinh_2000.mp3,covers/songs/custom/006_tinh_2000.jpg,,plain,2000-01-01,0,published,0,energetic;vui-ve,tiec-tung,tuoi-tre
Chia tay trong mưa,Phương Thanh,,Ballad,278,songs/custom/007_chia_tay_trong_mua.mp3,covers/songs/custom/007_chia_tay_trong_mua.jpg,,plain,1998-08-20,0,published,0,buon;tam-trang,ngu,chia-tay
Đêm đông lao xao,Phương Thanh,,Pop,330,songs/custom/008_dem_dong_lao_xao.mp3,covers/songs/custom/008_dem_dong_lao_xao.jpg,,plain,2001-11-15,0,published,0,thu-gian;lang-man,hoc-tap,ky-uc
Giã từ dĩ vãng,Phương Thanh,,Ballad,210,songs/custom/009_gia_tu_di_vang.mp3,covers/songs/custom/009_gia_tu_di_vang.jpg,,plain,1997-09-05,0,published,0,buon;tam-trang,ngu,ky-uc
Mưa tình yêu,Phương Thanh,,Pop,218,songs/custom/010_mua_tinh_yeu.mp3,covers/songs/custom/010_mua_tinh_yeu.jpg,,plain,2002-06-10,0,published,0,lang-man;vui-ve,lam-viec,tinh-yeu
Dạ khúc buồn,Phương Thanh,,Ballad,341,songs/custom/011_da_khuc_buon.mp3,covers/songs/custom/011_da_khuc_buon.jpg,,plain,2001-04-12,0,published,0,buon;tam-trang,ngu,chia-tay
Ta chẳng còn ai,Phương Thanh,,Ballad,294,songs/custom/012_ta_chang_con_ai.mp3,covers/songs/custom/012_ta_chang_con_ai.jpg,,plain,1997-12-25,0,published,0,buon;tam-trang,lam-viec,chia-tay
Hãy để em ra đi,Phương Thanh,,Pop,293,songs/custom/013_hay_de_em_ra_di.mp3,covers/songs/custom/013_hay_de_em_ra_di.jpg,,plain,2003-02-14,0,published,0,buon;hao-hung,tap-gym,chia-tay
Khi giấc mơ về,Phương Thanh,,Ballad,280,songs/custom/014_khi_giac_mo_ve.mp3,covers/songs/custom/014_khi_giac_mo_ve.jpg,,plain,2002-10-20,0,published,0,buon;lang-man,ngu,ky-uc
Liều thuốc cho trái tim,Lý Hải,,Pop,215,songs/custom/015_lieu_thuoc_cho_trai_tim.mp3,covers/songs/custom/015_lieu_thuoc_cho_trai_tim.jpg,,plain,2001-01-01,0,published,0,buon;tam-trang,lai-xe,tinh-yeu
Hoài mong,Lý Hải,,Pop,253,songs/custom/016_hoai_mong.mp3,covers/songs/custom/016_hoai_mong.jpg,,plain,2002-05-10,0,published,0,buon;lang-man,hoc-tap,chia-tay
Nỗi đau chạm vào trái tim,Lý Hải,,Ballad,231,songs/custom/017_noi_dau_cham_vao_trai_tim.mp3,covers/songs/custom/017_noi_dau_cham_vao_trai_tim.jpg,,plain,2010-08-15,0,published,0,buon;tam-trang,ngu,chia-tay
Vị trí nào cho anh,Lý Hải,,Ballad,289,songs/custom/018_vi_tri_nao_cho_anh.mp3,covers/songs/custom/018_vi_tri_nao_cho_anh.jpg,,plain,2011-03-20,0,published,0,buon;tam-trang,lam-viec,chia-tay
Anh mới chính là người em yêu,Lý Hải,,Pop,233,songs/custom/019_anh_moi_chinh_la_nguoi_em_yeu.mp3,covers/songs/custom/019_anh_moi_chinh_la_nguoi_em_yeu.jpg,,plain,2004-09-12,0,published,0,buon;hao-hung,lai-xe,tinh-yeu
Giáng trần,Lý Hải,,Pop,260,songs/custom/020_giang_tran.mp3,covers/songs/custom/020_giang_tran.jpg,,plain,2005-12-01,0,published,0,vui-ve;energetic,tiec-tung,cuoc-song
Ba má miền tây,Lý Hải,,Pop,276,songs/custom/021_ba_ma_mien_tay.mp3,covers/songs/custom/021_ba_ma_mien_tay.jpg,,plain,2015-01-10,0,published,0,vui-ve;hao-hung,lai-xe,que-huong
Dệt mộng uyên ương,Lý Hải,,Pop,258,songs/custom/022_det_mong_uyen_uong.mp3,covers/songs/custom/022_det_mong_uyen_uong.jpg,,plain,2003-06-18,0,published,0,lang-man;vui-ve,hoc-tap,tinh-yeu
Hẹn ước từ hư vô,Mỹ Tâm,,Pop,245,songs/custom/023_hen_uoc_tu_hu_vo.mp3,covers/songs/custom/023_hen_uoc_tu_hu_vo.jpg,,plain,2022-02-14,0,published,0,lang-man;thu-gian,lam-viec,tinh-yeu
Đừng hỏi em,Mỹ Tâm,,Ballad,261,songs/custom/024_dung_hoi_em.mp3,covers/songs/custom/024_dung_hoi_em.jpg,,plain,2017-10-15,0,published,0,buon;tam-trang,ngu,chia-tay
Chuyện như chưa bắt đầu,Mỹ Tâm,,Ballad,282,songs/custom/025_chuyen_nhu_chua_bat_dau.mp3,covers/songs/custom/025_chuyen_nhu_chua_bat_dau.jpg,,plain,2012-06-08,0,published,0,buon;lang-man,hoc-tap,chia-tay
Dường như ta đã,Mỹ Tâm,,Ballad,336,songs/custom/026_duong_nhu_ta_da.mp3,covers/songs/custom/026_duong_nhu_ta_da.jpg,,plain,2006-09-20,0,published,0,buon;tam-trang,ngu,chia-tay
Muộn màng là từ lúc,Mỹ Tâm,,Ballad,238,songs/custom/027_muon_mang_la_tu_luc.mp3,covers/songs/custom/027_muon_mang_la_tu_luc.jpg,,plain,2017-12-03,0,published,0,buon;thu-gian,lam-viec,chia-tay
Nếu anh đi,Mỹ Tâm,,Ballad,251,songs/custom/028_neu_anh_di.mp3,covers/songs/custom/028_neu_anh_di.jpg,,plain,2017-12-03,0,published,0,buon;tam-trang,ngu,chia-tay
Anh đợi em được không,Mỹ Tâm,,Pop,280,songs/custom/029_anh_doi_em_duoc_khong.mp3,covers/songs/custom/029_anh_doi_em_duoc_khong.jpg,,plain,2019-09-24,0,published,0,lang-man;buon,hoc-tap,tinh-yeu
Đúng cũng thành sai thôi,Mỹ Tâm,,Pop,298,songs/custom/030_dung_cung_thanh_sai_thoi.mp3,covers/songs/custom/030_dung_cung_thanh_sai_thoi.jpg,,plain,2020-09-29,0,published,0,tam-trang;buon,lam-viec,tinh-yeu
Nơi mình dừng chân,Mỹ Tâm,,Ballad,254,songs/custom/031_noi_minh_dung_chan.mp3,covers/songs/custom/031_noi_minh_dung_chan.jpg,,plain,2019-01-04,0,published,0,buon;tam-trang,ngu,chia-tay
Như một giấc mơ,Mỹ Tâm,,Ballad,279,songs/custom/032_nhu_mot_giac_mo.mp3,covers/songs/custom/032_nhu_mot_giac_mo.jpg,,plain,2013-03-24,0,published,0,buon;tam-trang,ngu,chia-tay
Đâu chỉ riêng em,Mỹ Tâm,,Ballad,237,songs/custom/033_dau_chi_rieng_em.mp3,covers/songs/custom/033_dau_chi_rieng_em.jpg,,plain,2017-07-26,0,published,0,buon;tam-trang,hoc-tap,chia-tay
Người hãy quên em đi,Mỹ Tâm,,Pop,274,songs/custom/034_nguoi_hay_quen_em_di.mp3,covers/songs/custom/034_nguoi_hay_quen_em_di.jpg,,plain,2017-12-03,0,published,0,vui-ve;thu-gian,tiec-tung,chia-tay
Vì em quá yêu anh,Mỹ Tâm,,Pop,278,songs/custom/035_vi_em_qua_yeu_anh.mp3,covers/songs/custom/035_vi_em_qua_yeu_anh.jpg,,plain,2013-04-08,0,published,0,vui-ve;energetic,chay-bo,tinh-yeu
Hát với dòng sông,Mỹ Tâm,,Pop,287,songs/custom/036_hat_voi_dong_song.mp3,covers/songs/custom/036_hat_voi_dong_song.jpg,,plain,2002-05-15,0,published,0,thu-gian;lang-man,lai-xe,ky-uc
Cây đàn sinh viên,Mỹ Tâm,,Pop,280,songs/custom/037_cay_dan_sinh_vien.mp3,covers/songs/custom/037_cay_dan_sinh_vien.jpg,,plain,2001-12-20,0,published,0,vui-ve;thu-gian,hoc-tap,tuoi-tre
Nếu có buông tay,Mỹ Tâm,,Ballad,253,songs/custom/038_neu_co_buong_tay.mp3,covers/songs/custom/038_neu_co_buong_tay.jpg,,plain,2017-12-03,0,published,0,buon;tam-trang,ngu,chia-tay
Biết khi nào gặp lại,Mỹ Tâm,,Ballad,246,songs/custom/039_biet_khi_nao_gap_lai.mp3,covers/songs/custom/039_biet_khi_nao_gap_lai.jpg,,plain,2013-03-24,0,published,0,buon;lang-man,lam-viec,chia-tay
Cơn mưa băng giá,Bằng Kiều,,Ballad,298,songs/custom/040_con_mua_bang_gia.mp3,covers/songs/custom/040_con_mua_bang_gia.jpg,,plain,2016-01-10,0,published,0,buon;lang-man,ngu,tinh-yeu
Trái tim bên lề,Bằng Kiều,,Ballad,314,songs/custom/041_trai_tim_ben_le.mp3,covers/songs/custom/041_trai_tim_ben_le.jpg,,plain,2000-05-20,0,published,0,buon;tam-trang,lam-viec,tinh-yeu
Để nhớ một thời ta đã yêu,Bằng Kiều,,Ballad,374,songs/custom/042_de_nho_mot_thoi_ta_da_yeu.mp3,covers/songs/custom/042_de_nho_mot_thoi_ta_da_yeu.jpg,,plain,2012-08-15,0,published,0,buon;lang-man,lai-xe,ky-uc
Lạy Phật Quan Âm,Phương Mỹ Chi,,Pop,291,songs/custom/043_lay_phat_quan_am.mp3,covers/songs/custom/043_lay_phat_quan_am.jpg,,plain,2015-04-15,0,published,0,thu-gian;vui-ve,yoga,cuoc-song
Liên hoa,Phương Mỹ Chi,,Pop,265,songs/custom/044_lien_hoa.mp3,covers/songs/custom/044_lien_hoa.jpg,,plain,2023-09-20,0,published,0,thu-gian;hao-hung,yoga,cuoc-song
Nghìn mắt nghìn tay,Phương Mỹ Chi,,Pop,338,songs/custom/045_nghin_mat_nghin_tay.mp3,covers/songs/custom/045_nghin_mat_nghin_tay.jpg,,plain,2023-09-20,0,published,0,thu-gian;hao-hung,yoga,cuoc-song
Mẹ từ bi,Phương Mỹ Chi,,Pop,365,songs/custom/046_me_tu_bi.mp3,covers/songs/custom/046_me_tu_bi.jpg,,plain,2015-05-20,0,published,0,thu-gian;lang-man,yoga,gia-dinh
Chú Đại Bi,Phương Mỹ Chi,,Pop,239,songs/custom/047_chu_dai_bi.mp3,covers/songs/custom/047_chu_dai_bi.jpg,,plain,2016-02-10,0,published,0,thu-gian,yoga,cuoc-song
Nhà còn thương em mà,Phương Mỹ Chi,,Pop,272,songs/custom/048_nha_con_thuong_em_ma.mp3,covers/songs/custom/048_nha_con_thuong_em_ma.jpg,,plain,2023-09-20,0,published,0,vui-ve;thu-gian,lam-viec,gia-dinh
Và ta đã không hát như lúc xưa,Phương Mỹ Chi,,Pop,129,songs/custom/049_va_ta_da_khong_hat_nhu_luc_xua.mp3,covers/songs/custom/049_va_ta_da_khong_hat_nhu_luc_xua.jpg,,plain,2023-09-20,0,published,0,tam-trang;buon,hoc-tap,ky-uc
Ầu ơ ví dầu,Bùi Công Nam,,Pop,281,songs/custom/050_au_o_vi_dau.mp3,covers/songs/custom/050_au_o_vi_dau.jpg,,plain,2024-01-01,0,published,0,thu-gian;lang-man,ngu,gia-dinh
Cảm ơn người đã thức cùng tôi,Phùng Khánh Linh,,Pop,293,songs/custom/051_cam_on_nguoi_da_thuc_cung_toi.mp3,covers/songs/custom/051_cam_on_nguoi_da_thuc_cung_toi.jpg,,plain,2022-11-10,0,published,0,thu-gian;tam-trang,ngu,cuoc-song
Kiếm đâu bây giờ,Nguyễn Hùng,,Pop,253,songs/custom/052_kiem_dau_bay_gio.mp3,covers/songs/custom/052_kiem_dau_bay_gio.jpg,,plain,2023-05-15,0,published,0,vui-ve;energetic,chay-bo,cuoc-song
Ở trong khu rừng,Nguyễn Hùng,,Pop,310,songs/custom/053_o_trong_khu_rung.mp3,covers/songs/custom/053_o_trong_khu_rung.jpg,,plain,2023-06-20,0,published,0,thu-gian;vui-ve,yoga,cuoc-song
Còn gì đẹp hơn,Nguyễn Hùng,,Pop,282,songs/custom/054_con_gi_dep_hon.mp3,covers/songs/custom/054_con_gi_dep_hon.jpg,,plain,2023-07-25,0,published,0,vui-ve;hao-hung,lai-xe,tuoi-tre
Nỗi đau giữa hòa bình,Hòa Minzy,,Ballad,453,songs/custom/055_noi_dau_giua_hoa_binh.mp3,covers/songs/custom/055_noi_dau_giua_hoa_binh.jpg,,plain,2023-12-01,0,published,0,buon;tam-trang,lam-viec,que-huong
Mặt trời trong bóng tối,NSUT Cao Minh,,Pop,233,songs/custom/056_mat_troi_trong_bong_toi.mp3,covers/songs/custom/056_mat_troi_trong_bong_toi.jpg,,plain,2020-01-01,0,published,0,hao-hung;tam-trang,lam-viec,cuoc-song
Người gieo mầm xanh,Hứa Kim Tuyền,,Pop,264,songs/custom/057_nguoi_gieo_mam_xanh.mp3,covers/songs/custom/057_nguoi_gieo_mam_xanh.jpg,,plain,2022-05-01,0,published,0,vui-ve;thu-gian,hoc-tap,cuoc-song
Nơi pháo hoa rực rỡ,Orange,,Pop,309,songs/custom/058_noi_phao_hoa_ruc_ro.mp3,covers/songs/custom/058_noi_phao_hoa_ruc_ro.jpg,,plain,2023-12-31,0,published,0,vui-ve;lang-man,tiec-tung,tuoi-tre
Nếu một mai tôi có bay lên trời,Hứa Kim Tuyền,,Ballad,269,songs/custom/059_neu_mot_mai_toi_co_bay_len_troi.mp3,covers/songs/custom/059_neu_mot_mai_toi_co_bay_len_troi.jpg,,plain,2020-03-20,0,published,0,buon;tam-trang,thu-gian,cuoc-song
Lớn rồi còn khóc nhè,Trúc Nhân,,Pop,303,songs/custom/060_lon_roi_con_khoc_nhe.mp3,covers/songs/custom/060_lon_roi_con_khoc_nhe.jpg,,plain,2019-04-10,0,published,0,vui-ve;tam-trang,lam-viec,gia-dinh
Ước mơ của mẹ,Văn Mai Hương,,Ballad,430,songs/custom/061_uoc_mo_cua_me.mp3,covers/songs/custom/061_uoc_mo_cua_me.jpg,,plain,2022-01-15,0,published,0,buon;lang-man,thu-gian,gia-dinh
Cha già rồi đúng không,Anh Tú,,Ballad,318,songs/custom/062_cha_gia_roi_dung_khong.mp3,covers/songs/custom/062_cha_gia_roi_dung_khong.jpg,,plain,2021-03-10,0,published,0,buon;tam-trang,thu-gian,gia-dinh
Sao cha không,Phan Mạnh Quỳnh,,Pop,285,songs/custom/063_sao_cha_khong.mp3,covers/songs/custom/063_sao_cha_khong.jpg,,plain,2021-03-15,0,published,0,buon;tam-trang,lam-viec,gia-dinh
Cha già rồi đúng không,Ali Hoàng Dương,,Ballad,300,songs/custom/064_cha_gia_roi_dung_khong.mp3,covers/songs/custom/064_cha_gia_roi_dung_khong.jpg,,plain,2021-03-05,0,published,0,buon;tam-trang,thu-gian,gia-dinh
Sau lời từ khước,Phan Mạnh Quỳnh,,Ballad,262,songs/custom/065_sau_loi_tu_khuoc.mp3,covers/songs/custom/065_sau_loi_tu_khuoc.jpg,,plain,2024-02-14,0,published,0,buon;tam-trang,hoc-tap,chia-tay
Nhật kí của mẹ,Hiền Thục,,Pop,480,songs/custom/066_nhat_ki_cua_me.mp3,covers/songs/custom/066_nhat_ki_cua_me.jpg,,plain,2011-01-01,0,published,0,lang-man;thu-gian,thu-gian,gia-dinh
Phép màu,Nguyễn Hùng,,Pop,257,songs/custom/067_phep_mau.mp3,covers/songs/custom/067_phep_mau.jpg,,plain,2023-01-01,0,published,0,vui-ve;energetic,chay-bo,cuoc-song
Cảm ơn và xin lỗi,Chillies,,Pop,316,songs/custom/068_cam_on_va_xin_loi.mp3,covers/songs/custom/068_cam_on_va_xin_loi.jpg,,plain,2019-12-10,0,published,0,buon;tam-trang,lam-viec,ky-uc
Ngày hạnh phúc,Đan Trường,,Pop,217,songs/custom/069_ngay_hanh_phuc.mp3,covers/songs/custom/069_ngay_hanh_phuc.jpg,,plain,2005-01-01,0,published,0,vui-ve;lang-man,tiec-tung,tinh-yeu
Tình khúc vàng,Đan Trường,,Pop,327,songs/custom/070_tinh_khuc_vang.mp3,covers/songs/custom/070_tinh_khuc_vang.jpg,,plain,2003-05-15,0,published,0,lang-man;vui-ve,lai-xe,tinh-yeu
Đám cưới trên đường quê,Tường Nguyên,,Pop,341,songs/custom/071_dam_cuoi_tren_duong_que.mp3,covers/songs/custom/071_dam_cuoi_tren_duong_que.jpg,,plain,2010-01-01,0,published,0,vui-ve;hao-hung,tiec-tung,que-huong
Thuyền hoa,Quang Linh,,Pop,323,songs/custom/072_thuyen_hoa.mp3,covers/songs/custom/072_thuyen_hoa.jpg,,plain,2000-01-01,0,published,0,vui-ve;hao-hung,tiec-tung,que-huong
Nhất trần đời,Hoài Linh,,Pop,369,songs/custom/073_nhat_tran_doi.mp3,covers/songs/custom/073_nhat_tran_doi.jpg,,plain,2015-01-01,0,published,0,vui-ve;energetic,tiec-tung,cuoc-song
Rượu cưới ngày xuân,Hoài Linh,,Pop,372,songs/custom/074_ruou_cuoi_ngay_xuan.mp3,covers/songs/custom/074_ruou_cuoi_ngay_xuan.jpg,,plain,2014-01-01,0,published,0,vui-ve;hao-hung,tiec-tung,que-huong
Rước dâu miệt vườn,Kim Tử Long,,Pop,270,songs/custom/075_ruoc_dau_miet_vuon.mp3,covers/songs/custom/075_ruoc_dau_miet_vuon.jpg,,plain,2012-01-01,0,published,0,vui-ve;hao-hung,tiec-tung,que-huong
Ngày xuân vui cưới,Hoài Linh,,Pop,390,songs/custom/076_ngay_xuan_vui_cuoi.mp3,covers/songs/custom/076_ngay_xuan_vui_cuoi.jpg,,plain,2014-01-01,0,published,0,vui-ve;hao-hung,tiec-tung,que-huong
Đám cưới như mơ,Quang Linh,,Pop,284,songs/custom/077_dam_cuoi_nhu_mo.mp3,covers/songs/custom/077_dam_cuoi_nhu_mo.jpg,,plain,2001-01-01,0,published,0,vui-ve;energetic,tiec-tung,que-huong
Rồi tới luôn,Hồ Phi Nal,,Pop,242,songs/custom/078_roi_toi_luon.mp3,covers/songs/custom/078_roi_toi_luon.jpg,,plain,2021-07-20,0,published,0,vui-ve;energetic,tiec-tung,tinh-yeu
Mình cưới nhau đi,Huỳnh James,,Rap / Hip-hop,242,songs/custom/079_minh_cuoi_nhau_di.mp3,covers/songs/custom/079_minh_cuoi_nhau_di.jpg,,plain,2018-02-14,0,published,0,vui-ve;energetic,tiec-tung,tinh-yeu
Yêu là cưới,Hồ Phi Nal,,Pop,177,songs/custom/080_yeu_la_cuoi.mp3,covers/songs/custom/080_yeu_la_cuoi.jpg,,plain,2021-10-01,0,published,0,vui-ve;energetic,tiec-tung,tinh-yeu
Một ngày chẳng nắng,Pháo,,Rap / Hip-hop,240,songs/custom/081_mot_ngay_chang_nang.mp3,covers/songs/custom/081_mot_ngay_chang_nang.jpg,,plain,2023-01-01,0,published,0,vui-ve;thu-gian,lam-viec,tuoi-tre
Kìa bóng dáng ai,Pháo,,Rap / Hip-hop,164,songs/custom/082_kia_bong_dang_ai.mp3,covers/songs/custom/082_kia_bong_dang_ai.jpg,,plain,2023-05-01,0,published,0,energetic;vui-ve,tap-gym,tuoi-tre
See tình,Hoàng Thùy Linh,,Pop,236,songs/custom/083_see_tinh.mp3,covers/songs/custom/083_see_tinh.jpg,,plain,2022-02-20,0,published,0,vui-ve;energetic,tiec-tung,tinh-yeu
Gieo quẻ,Hoàng Thùy Linh,,Pop,259,songs/custom/084_gieo_que.mp3,covers/songs/custom/084_gieo_que.jpg,,plain,2022-01-01,0,published,0,vui-ve;hao-hung,tiec-tung,cuoc-song
Kẻ cắp gặp bà già,Hoàng Thùy Linh,,Pop,269,songs/custom/085_ke_cap_gap_ba_gia.mp3,covers/songs/custom/085_ke_cap_gap_ba_gia.jpg,,plain,2020-04-04,0,published,0,energetic;vui-ve,tap-gym,tinh-yeu
Bo xì bo,Hoàng Thùy Linh,,Pop,216,songs/custom/086_bo_xi_bo.mp3,covers/songs/custom/086_bo_xi_bo.jpg,,plain,2022-12-10,0,published,0,vui-ve;energetic,tiec-tung,chia-tay
Duyên âm,Hoàng Thùy Linh,,Pop,239,songs/custom/087_duyen_am.mp3,covers/songs/custom/087_duyen_am.jpg,,plain,2019-10-20,0,published,0,vui-ve;energetic,lam-viec,cuoc-song
Để Mị nói cho mà nghe,Hoàng Thùy Linh,,Pop,282,songs/custom/088_de_mi_noi_cho_ma_nghe.mp3,covers/songs/custom/088_de_mi_noi_cho_ma_nghe.jpg,,plain,2019-06-19,0,published,0,vui-ve;hao-hung,tiec-tung,tuoi-tre
Một cú lừa,Bích Phương,,Pop,210,songs/custom/089_mot_cu_lua.mp3,covers/songs/custom/089_mot_cu_lua.jpg,,plain,2020-05-31,0,published,0,tam-trang;buon,lam-viec,tinh-yeu
Bùa yêu,Bích Phương,,Pop,268,songs/custom/090_bua_yeu.mp3,covers/songs/custom/090_bua_yeu.jpg,,plain,2018-05-12,0,published,0,lang-man;vui-ve,hoc-tap,tinh-yeu
Đi đu đưa đi,Bích Phương,,EDM,223,songs/custom/091_di_du_dua_di.mp3,covers/songs/custom/091_di_du_dua_di.jpg,,plain,2019-08-28,0,published,0,vui-ve;energetic,tiec-tung,tuoi-tre
Như lời đồn,Bảo Anh,,Pop,227,songs/custom/092_nhu_loi_don.mp3,covers/songs/custom/092_nhu_loi_don.jpg,,plain,2018-10-10,0,published,0,energetic;vui-ve,tap-gym,tinh-yeu
Mang tiền về cho mẹ,Đen Vâu,,Rap / Hip-hop,401,songs/custom/093_mang_tien_ve_cho_me.mp3,covers/songs/custom/093_mang_tien_ve_cho_me.jpg,,plain,2021-12-29,0,published,0,hao-hung;tam-trang,lai-xe,gia-dinh
Đi về nhà,Đen Vâu,,Rap / Hip-hop,215,songs/custom/094_di_ve_nha.mp3,covers/songs/custom/094_di_ve_nha.jpg,,plain,2020-12-18,0,published,0,vui-ve;thu-gian,lai-xe,gia-dinh
Một triệu like,Đen Vâu,,Rap / Hip-hop,261,songs/custom/095_mot_trieu_like.mp3,covers/songs/custom/095_mot_trieu_like.jpg,,plain,2020-01-19,0,published,0,thu-gian;hao-hung,lam-viec,cuoc-song
Lối nhỏ,Đen Vâu,,Rap / Hip-hop,297,songs/custom/096_loi_nho.mp3,covers/songs/custom/096_loi_nho.jpg,,plain,2019-10-21,0,published,0,buon;thu-gian,hoc-tap,ky-uc
Bài này chill phết,Đen Vâu,,Rap / Hip-hop,273,songs/custom/097_bai_nay_chill_phet.mp3,covers/songs/custom/097_bai_nay_chill_phet.jpg,,plain,2019-05-20,0,published,0,thu-gian;vui-ve,lam-viec,tuoi-tre
Thanh xuân,Da LAB,,Pop,240,songs/custom/098_thanh_xuan.mp3,covers/songs/custom/098_thanh_xuan.jpg,,plain,2018-09-03,0,published,0,vui-ve;thu-gian,chay-bo,tuoi-tre
Gác lại âu lo,Da LAB,,Pop,306,songs/custom/099_gac_lai_au_lo.mp3,covers/songs/custom/099_gac_lai_au_lo.jpg,,plain,2020-07-25,0,published,0,vui-ve;thu-gian,lam-viec,cuoc-song
Có hẹn với thanh xuân,Monstar,,Pop,268,songs/custom/100_co_hen_voi_thanh_xuan.mp3,covers/songs/custom/100_co_hen_voi_thanh_xuan.jpg,,plain,2021-07-18,0,published,0,vui-ve;lang-man,hoc-tap,tuoi-tre
À lôi,Double2T,,Rap / Hip-hop,193,songs/custom/101_a_loi.mp3,covers/songs/custom/101_a_loi.jpg,,plain,2023-07-12,0,published,0,vui-ve;energetic,tap-gym,que-huong
Rap / Hip-hop lý cây bông,Ricky Star,,Rap / Hip-hop,334,songs/custom/102_Rap / Hip-hop_ly_cay_bong.mp3,covers/songs/custom/102_Rap / Hip-hop_ly_cay_bong.jpg,,plain,2016-12-01,0,published,0,vui-ve;energetic,tiec-tung,que-huong
Nước mắt cá sấu,HIEUTHUHAI,,Rap / Hip-hop,212,songs/custom/103_nuoc_mat_ca_sau.mp3,covers/songs/custom/103_nuoc_mat_ca_sau.jpg,,plain,2022-01-01,0,published,0,vui-ve;energetic,tiec-tung,tinh-yeu
Không thể say,HIEUTHUHAI,,Rap / Hip-hop,260,songs/custom/104_khong_the_say.mp3,covers/songs/custom/104_khong_the_say.jpg,,plain,2023-04-19,0,published,0,tam-trang;buon,lam-viec,chia-tay
Ngủ một mình,HIEUTHUHAI,,Rap / Hip-hop,205,songs/custom/105_ngu_mot_minh.mp3,covers/songs/custom/105_ngu_mot_minh.jpg,,plain,2022-11-20,0,published,0,vui-ve;energetic,tiec-tung,tinh-yeu
Vệ tinh,HIEUTHUHAI,,Rap / Hip-hop,240,songs/custom/106_ve_tinh.mp3,covers/songs/custom/106_ve_tinh.jpg,,plain,2022-08-31,0,published,0,vui-ve;energetic,tap-gym,tinh-yeu
Hẹn ước bắc nam,Tố My,,bolero,286,songs/custom/107_hen_uoc_bac_nam.mp3,covers/songs/custom/107_hen_uoc_bac_nam.jpg,,plain,2022-01-01,0,published,0,lang-man;vui-ve,lai-xe,que-huong
Điệu hò trao duyên,Tố My,,bolero,312,songs/custom/108_dieu_ho_trao_duyen.mp3,covers/songs/custom/108_dieu_ho_trao_duyen.jpg,,plain,2022-03-01,0,published,0,vui-ve;thu-gian,hoc-tap,tinh-yeu
Đường về hai thôn,Văn Mẫn,,bolero,264,songs/custom/109_duong_ve_hai_thon.mp3,covers/songs/custom/109_duong_ve_hai_thon.jpg,,plain,2015-01-01,0,published,0,vui-ve;hao-hung,lai-xe,que-huong
Trăng về thôn dã,Văn Mẫn,,bolero,218,songs/custom/110_trang_ve_thon_da.mp3,covers/songs/custom/110_trang_ve_thon_da.jpg,,plain,2015-01-01,0,published,0,thu-gian;vui-ve,yoga,que-huong
Về quê ngoại,Văn Mẫn,,bolero,268,songs/custom/111_ve_que_ngoai.mp3,covers/songs/custom/111_ve_que_ngoai.jpg,,plain,2015-01-01,0,published,0,buon;thu-gian,thu-gian,que-huong
Tình thắm duyên quê,Văn Mẫn,,bolero,246,songs/custom/112_tinh_tham_duyen_que.mp3,covers/songs/custom/112_tinh_tham_duyen_que.jpg,,plain,2015-01-01,0,published,0,vui-ve;lang-man,lai-xe,que-huong
Chuyện hoa sim,Văn Mẫn,,bolero,155,songs/custom/113_chuyen_hoa_sim.mp3,covers/songs/custom/113_chuyen_hoa_sim.jpg,,plain,2015-01-01,0,published,0,buon;tam-trang,ngu,ky-uc
Rừng lá thấp,Văn Mẫn,,bolero,215,songs/custom/114_rung_la_thap.mp3,covers/songs/custom/114_rung_la_thap.jpg,,plain,2015-01-01,0,published,0,hao-hung;tam-trang,lam-viec,que-huong
Sầu tím thiệp hồng,Quang Lê,,bolero,290,songs/custom/115_sau_tim_thiep_hong.mp3,covers/songs/custom/115_sau_tim_thiep_hong.jpg,,plain,2010-01-01,0,published,0,buon;tam-trang,ngu,chia-tay
Gõ cửa trái tim,Quang Lê,,bolero,321,songs/custom/116_go_cua_trai_tim.mp3,covers/songs/custom/116_go_cua_trai_tim.jpg,,plain,2010-01-01,0,published,0,buon;lang-man,thu-gian,tinh-yeu
Nối lại tình xưa,Như Quỳnh,,bolero,272,songs/custom/117_noi_lai_tinh_xua.mp3,covers/songs/custom/117_noi_lai_tinh_xua.jpg,,plain,2005-01-01,0,published,0,vui-ve;lang-man,lai-xe,ky-uc
Hương tóc mạ non,Quang Lê,,bolero,323,songs/custom/118_huong_toc_ma_non.mp3,covers/songs/custom/118_huong_toc_ma_non.jpg,,plain,2010-01-01,0,published,0,lang-man;thu-gian,hoc-tap,que-huong
Đính ước,Như Quỳnh,,bolero,270,songs/custom/119_dinh_uoc.mp3,covers/songs/custom/119_dinh_uoc.jpg,,plain,2008-01-01,0,published,0,lang-man;buon,thu-gian,tinh-yeu
Mười ngón tay tình yêu,Như Quỳnh,,bolero,297,songs/custom/120_muoi_ngon_tay_tinh_yeu.mp3,covers/songs/custom/120_muoi_ngon_tay_tinh_yeu.jpg,,plain,2005-01-01,0,published,0,vui-ve;lang-man,tiec-tung,tinh-yeu
Mười năm,Đen Vâu,,Rap,240,songs/custom/121_muoi_nam.mp3,covers/songs/custom/121_muoi_nam.jpg,,plain,2019-03-01,0,published,0,tam-trang;thu-gian,lai_xe,ky-uc
Hai triệu năm,Đen Vâu,,Rap,210,songs/custom/122_hai_trieu_nam.mp3,covers/songs/custom/122_hai_trieu_nam.jpg,,plain,2019-06-19,0,published,0,thu-gian;vui-ve,chay-bo,cuoc-song
Đưa nhau đi trốn,Đen Vâu,,Rap,250,songs/custom/123_dua_nhau_di_tron.mp3,covers/songs/custom/123_dua_nhau_di_tron.jpg,,plain,2015-05-10,0,published,0,vui-ve;hao-hung,lai-xe,tuoi-tre
Ta cứ đi cùng nhau,Đen Vâu,,Rap,260,songs/custom/124_ta_cu_di_cung_nhau.mp3,covers/songs/custom/124_ta_cu_di_cung_nhau.jpg,,plain,2017-09-21,0,published,0,lang-man;thu-gian,hoc-tap,tinh-yeu
Đi theo bóng mặt trời,Đen Vâu,,Rap,225,songs/custom/125_di_theo_bong_mat_troi.mp3,covers/songs/custom/125_di_theo_bong_mat_troi.jpg,,plain,2017-05-15,0,published,0,vui-ve;hao-hung,chay-bo,tuoi-tre
Nấu ăn cho em,Đen Vâu,,Rap,245,songs/custom/126_nau_an_cho_em.mp3,covers/songs/custom/126_nau_an_cho_em.jpg,,plain,2023-05-13,0,published,0,vui-ve;thu-gian,lam-viec,cuoc-song
Luôn yêu đời,Đen Vâu,,Rap,200,songs/custom/127_luon_yeu_doi.mp3,covers/songs/custom/127_luon_yeu_doi.jpg,,plain,2023-02-09,0,published,0,vui-ve;energetic,tap-gym,cuoc-song
Cảm ơn,Đen Vâu,,Rap,235,songs/custom/128_cam_on.mp3,covers/songs/custom/128_cam_on.jpg,,plain,2019-10-21,0,published,0,tam-trang;thu-gian,lam-viec,ky-uc
Đi trong mùa hè,Đen Vâu,,Rap,215,songs/custom/129_di_trong_mua_he.mp3,covers/songs/custom/129_di_trong_mua_he.jpg,,plain,2022-05-09,0,published,0,hao-hung;energetic,lai-xe,cuoc-song
Nhạc của rừng,Đen Vâu,,Rap,190,songs/custom/130_nhac_cua_rung.mp3,covers/songs/custom/130_nhac_cua_rung.jpg,,plain,2024-03-04,0,published,0,thu-gian;vui-ve,hoc-tap,cuoc-song
Rock hạt gạo,Phương Mỹ Chi,,Rock,240,songs/custom/131_rock_hat_gao.mp3,covers/songs/custom/131_rock_hat_gao.jpg,,plain,2023-09-20,0,published,0,vui-ve;energetic,tiec-tung,que-huong
Rock Sài Gòn,MTV,,Rock,210,songs/custom/132_rock_sai_gon.mp3,covers/songs/custom/132_rock_sai_gon.jpg,,plain,2003-01-01,0,published,0,vui-ve;energetic,tiec-tung,cuoc-song
Sắc màu,Phạm Anh Khoa,,Rock,230,songs/custom/133_sac_mau.mp3,covers/songs/custom/133_sac_mau.jpg,,plain,2007-05-15,0,published,0,hao-hung;energetic,tap-gym,cuoc-song
Ngọn lửa cao nguyên,Siu Black,,Rock,220,songs/custom/134_ngon_lua_cao_nguyen.mp3,covers/songs/custom/134_ngon_lua_cao_nguyen.jpg,,plain,2005-01-01,0,published,0,hao-hung;energetic,lai-xe,que-huong
Đôi mắt Pleiku,Siu Black,,Rock,215,songs/custom/135_doi_mat_pleiku.mp3,covers/songs/custom/135_doi_mat_pleiku.jpg,,plain,2005-01-01,0,published,0,vui-ve;energetic,chay-bo,que-huong
Em muốn sống bên anh trọn đời,Siu Black,,Rock,245,songs/custom/136_em_muon_song_ben_anh_tron_doi.mp3,covers/songs/custom/136_em_muon_song_ben_anh_tron_doi.jpg,,plain,2005-01-01,0,published,0,lang-man;energetic,tap-gym,tinh-yeu
60 năm,Siu Black,,Rock,180,songs/custom/137_60_nam.mp3,covers/songs/custom/137_60_nam.jpg,,plain,2008-01-01,0,published,0,vui-ve;energetic,tiec-tung,tuoi-tre
Ly cà phê ban mê,Siu Black,,Rock,230,songs/custom/138_ly_ca_phe_ban_me.mp3,covers/songs/custom/138_ly_ca_phe_ban_me.jpg,,plain,2005-01-01,0,published,0,hao-hung;energetic,lam-viec,que-huong
Tái sinh,Tùng Dương,,EDM,300,songs/custom/139_tai_sinh.mp3,covers/songs/custom/139_tai_sinh.jpg,,plain,2024-01-01,0,published,0,hao-hung;tam-trang,yoga,cuoc-song
Chẳng thể cảm hóa,Lương Quý Tuấn,,EDM,215,songs/custom/140_chang_the_cam_hoa.mp3,covers/songs/custom/140_chang_the_cam_hoa.jpg,,plain,2023-01-01,0,published,0,buon;tam-trang,tap-gym,chia-tay
Mở lối cho em,Lương Quý Tuấn,,EDM,220,songs/custom/141_mo_loi_cho_em.mp3,covers/songs/custom/141_mo_loi_cho_em.jpg,,plain,2023-05-10,0,published,0,vui-ve;energetic,tiec-tung,tinh-yeu
Lao tâm khổ tứ,Thanh Hưng,,EDM,235,songs/custom/142_lao_tam_kho_tu.mp3,covers/songs/custom/142_lao_tam_kho_tu.jpg,,plain,2023-08-15,0,published,0,buon;energetic,tap-gym,chia-tay
Anh đau từ lúc em đi,Trần Mạnh Cường,,EDM,210,songs/custom/143_anh_dau_tu_luc_em_di.mp3,covers/songs/custom/143_anh_dau_tu_luc_em_di.jpg,,plain,2023-02-14,0,published,0,buon;tam-trang,lai-xe,chia-tay
Trả lại thanh xuân cho em,Mochii,,EDM,225,songs/custom/144_tra_lai_thanh_xuan_cho_em.mp3,covers/songs/custom/144_tra_lai_thanh_xuan_cho_em.jpg,,plain,2023-11-20,0,published,0,buon;tam-trang,chay-bo,tuoi-tre
Hẹn hò nhưng không yêu,Wendy Thảo,,EDM,200,songs/custom/145_hen_ho_nhung_khong_yeu.mp3,covers/songs/custom/145_hen_ho_nhung_khong_yeu.jpg,,plain,2022-09-01,0,published,0,vui-ve;energetic,tiec-tung,tinh-yeu
Nắng dưới chân mây,Nguyễn Hữu Kha,,EDM,215,songs/custom/146_nang_duoi_chan_may.mp3,covers/songs/custom/146_nang_duoi_chan_may.jpg,,plain,2024-01-15,0,published,0,thu-gian;vui-ve,hoc-tap,cuoc-song
Cánh hoa héo tàn,Mochii,,EDM,240,songs/custom/147_canh_hoa_heo_tan.mp3,covers/songs/custom/147_canh_hoa_heo_tan.jpg,,plain,2023-12-01,0,published,0,buon;tam-trang,ngu,chia-tay
Chuyến xe cuộc đời,Thanh Hưng,,EDM,250,songs/custom/148_chuyen_xe_cuoc_doi.mp3,covers/songs/custom/148_chuyen_xe_cuoc_doi.jpg,,plain,2023-10-10,0,published,0,tam-trang;buon,lai-xe,cuoc-song
Thu cuối,Mr T,,R&B,290,songs/custom/149_thu_cuoi.mp3,covers/songs/custom/149_thu_cuoi.jpg,,plain,2012-01-01,0,published,0,buon;tam-trang,lai-xe,chia-tay
Nơi ấy con tìm về,Hồ Quang Hiếu,,R&B,245,songs/custom/150_noi_ay_con_tim_ve.mp3,covers/songs/custom/150_noi_ay_con_tim_ve.jpg,,plain,2014-04-15,0,published,0,vui-ve;thu-gian,hoc-tap,gia-dinh
Nếu lúc đó,Tlinh,,R&B,215,songs/custom/151_neu_luc_do.mp3,covers/songs/custom/151_neu_luc_do.jpg,,plain,2023-03-02,0,published,0,tam-trang;buon,thu-gian,tinh-yeu
Em trong mắt tôi,Nguyễn Đức Cường,,R&B,230,songs/custom/152_em_trong_mat_toi.mp3,covers/songs/custom/152_em_trong_mat_toi.jpg,,plain,2008-01-01,0,published,0,vui-ve;lang-man,lam-viec,cuoc-song
Tell me why,Mr A,,R&B,210,songs/custom/153_tell_me_why.mp3,covers/songs/custom/153_tell_me_why.jpg,,plain,2012-05-20,0,published,0,vui-ve;energetic,tiec-tung,tinh-yeu
Đã lỡ yêu em nhiều,JustaTee,,R&B,260,songs/custom/154_da_lo_yeu_em_nhieu.mp3,covers/songs/custom/154_da_lo_yeu_em_nhieu.jpg,,plain,2017-11-13,0,published,0,lang-man;vui-ve,lai-xe,tinh-yeu
Bâng khuâng,JustaTee,,R&B,255,songs/custom/155_bang_khuang.mp3,covers/songs/custom/155_bang_khuang.jpg,,plain,2014-04-01,0,published,0,buon;tam-trang,hoc-tap,chia-tay
Vài lần đón đưa,Soobin Hoàng Sơn,,R&B,240,songs/custom/156_vai_lan_don_dua.mp3,covers/songs/custom/156_vai_lan_don_dua.jpg,,plain,2017-02-14,0,published,0,thu-gian;lang-man,lai-xe,tinh-yeu
Tháng năm,Soobin Hoàng Sơn,,R&B,220,songs/custom/157_thang_nam.mp3,covers/songs/custom/157_thang_nam.jpg,,plain,2020-12-15,0,published,0,buon;tam-trang,thu-gian,ky-uc
021,Binz,,R&B,190,songs/custom/158_021.mp3,covers/songs/custom/158_021.jpg,,plain,2020-10-04,0,published,0,hao-hung;energetic,tap-gym,cuoc-song