id,title,author,album_name,genre,duration,track_id,popularity,explicit,key,mode,time_signature,listens,released_date
1,Pangarap,Barbie's Cradle,Album 1,Rock,235,track_00001,20,False,11,0,4,20500,2001-01-01
2,I Feel Alive,Steady Rollin,Album 2,Rock,373,track_00002,14,False,8,0,4,14000,2017-11-21
3,Poison,Bell Biv DeVoe,Album 3,R&B,262,track_00003,0,False,6,0,4,0,2005-01-01
4,Baby It's Cold Outside (feat. Christina Aguilera),CeeLo Green,Album 4,R&B,243,track_00004,20,False,3,0,4,20500,2012-10-29
5,Dumb Litty,KARD,Album 5,Pop,193,track_00005,32,False,5,0,4,32500,2019-09-22
6,Soldier,James TW,Album 6,R&B,224,track_00006,35,True,11,0,4,35000,2019-04-26
7,Satisfy You,Diddy,Album 7,R&B,286,track_00007,26,False,2,1,4,26000,1999-08-24
8,Tender Lover,Babyface,Album 8,R&B,259,track_00008,18,False,3,1,4,18000,1989-07-07
9,Hide Away (feat. Envy Monroe),Blasterjaxx,Album 9,EDM,188,track_00009,21,False,1,0,4,21000,2019-06-21
10,Ti volevo dedicare (feat. J-AX & Boomdabash),Rocco Hunt,Album 10,R&B,208,track_00010,39,False,6,0,3,39000,2019-08-30
11,Una Vaina Loca,Fuego,Album 11,Pop,188,track_00011,0,False,10,0,4,500,2011-11-02
12,Limestone,Magic City Hippies,Album 12,Pop,209,track_00012,28,False,9,1,4,29000,2015-07-24
13,La Mordidita,Ricky Martin,Album 13,Pop,211,track_00013,34,True,5,0,4,34500,2015-02-10
14,Changes,2Pac,Album 14,Rap / Hip-hop,268,track_00014,36,False,1,0,4,36000,2007-01-01
15,Latina (feat. Maluma),Reykon,Album 15,Pop,226,track_00015,37,False,3,0,4,37000,2019-05-31
16,Let Me Entertain You - Remastered 2011,Queen,Album 16,Rock,181,track_00016,20,False,10,0,4,20500,1978-11-10
17,Suga Suga,Baby Bash,Album 17,R&B,239,track_00017,4,False,1,1,4,4000,2003-01-01
18,You Don't Know Me - Radio Edit,Jax Jones,Album 18,Pop,213,track_00018,7,False,0,0,4,7000,2016-12-09
19,Secrets,The Weeknd,Album 19,R&B,265,track_00019,35,False,3,0,3,35500,2016-11-25
20,Me Enamoré,Jay Wheeler,Album 20,Pop,253,track_00020,31,False,4,1,4,31000,2019-11-28
21,"Stand Out - From ""How to Build a Better Boy""",Sabrina Carpenter,Album 21,Pop,208,track_00021,16,False,6,1,4,16500,2014-08-12
22,Laps,Zotiyac,Album 22,Rap / Hip-hop,144,track_00022,18,False,4,1,4,18000,2018-11-16
23,Get The Funk Out Ma Face,The Brothers Johnson,Album 23,R&B,147,track_00023,24,False,10,0,4,24500,1976-01-01
24,Ooh,SAYMYNAME,Album 24,Rap / Hip-hop,147,track_00024,19,False,3,0,4,19500,2019-01-25
25,La Vida Es Una (feat. Pitbull),Lil Jon,Album 25,Pop,180,track_00025,16,False,8,1,4,16000,2016-12-16
26,Juke Box Hero,Foreigner,Album 26,Pop,259,track_00026,33,False,7,1,4,33500,1981-01-01
27,We Own It (Fast & Furious),2 Chainz,Album 27,Rap / Hip-hop,227,track_00027,29,False,2,1,4,29500,2013-01-01
28,Ain't No Future In Yo' Frontin',MC Breed,Album 28,Rap / Hip-hop,244,track_00028,24,False,6,0,4,24000,1991-01-01
29,La rebelion,Joe Arroyo,Album 29,Pop,376,track_00029,34,False,0,0,4,34000,2007-05-12
30,It's You - Radio Edit,Syn Cole,Album 30,Pop,211,track_00030,25,False,5,0,4,25500,2015-04-07
31,Bongo Bong,Manu Chao,Album 31,Pop,158,track_00031,33,False,1,0,4,33000,1998-10-06
32,It Won't Stop (feat. Chris Brown) - Julian Calor Remix,Sevyn Streeter,Album 32,EDM,298,track_00032,0,False,0,0,4,0,2014-04-01
33,Full Moon,DREAMCATCHER,Album 33,EDM,189,track_00033,24,False,11,0,4,24500,2018-01-12
34,Hot,Confetti,Album 34,Pop,150,track_00034,25,False,2,0,4,25500,2019-11-22
35,Bené,PNL,Album 35,R&B,190,track_00035,31,True,1,1,4,31000,2016-09-16
36,Shine - Kygo Remix,Benjamin Francis Leftwich,Album 36,Pop,280,track_00036,24,False,8,0,4,24000,2014-01-01
37,Don't Let It Break Your Heart - Single Edit,Louis Tomlinson,Album 37,Pop,196,track_00037,37,False,5,0,4,37500,2019-11-23
38,Been A While,Sam Feldt,Album 38,Pop,163,track_00038,1,False,9,0,4,1000,2016-02-05
39,Santa Claus Is Coming To Town,The Jackson 5,Album 39,R&B,143,track_00039,14,False,5,0,4,14000,2007-01-01
40,Dancing On My Own - Tiësto Remix,Calum Scott,Album 40,EDM,224,track_00040,4,False,5,0,4,4500,2016-07-08
41,Phenomenal,Eminem,Album 41,Rap / Hip-hop,282,track_00041,0,False,2,0,4,500,2015-07-24
42,Get Get Down - Radio Edit,Merk & Kremont,Album 42,EDM,181,track_00042,18,False,10,1,4,18500,2015-06-05
43,Beautiful Life,Lost Frequencies,Album 43,Pop,161,track_00043,15,False,9,0,4,15000,2016-06-03
44,Suave,Tabitha,Album 44,Pop,177,track_00044,24,False,6,0,4,24500,2019-09-20
45,Pegao,Wisin & Yandel,Album 45,Pop,232,track_00045,19,False,4,1,4,19000,2006-01-01
46,Try,P!nk,Album 46,Pop,247,track_00046,5,False,1,1,5,5000,2012-09-14
47,Not To Much - Remastered 2016,Don Omar,Album 47,Pop,211,track_00047,22,False,5,0,4,22000,2016-11-11
48,Funky Friday,Dave,Album 48,Rap / Hip-hop,182,track_00048,36,False,6,0,4,36000,2018-10-04
49,First Love,Lost Kings,Album 49,Pop,207,track_00049,28,False,4,0,4,29000,2017-10-13
50,Alone,Lund,Album 3,Rap / Hip-hop,254,track_00050,32,False,4,0,4,32000,2016-10-23
51,Now That We're Dead,Metallica,Album 50,Rock,419,track_00051,25,False,10,1,4,25000,2016-11-18
52,Love Sosa,Chief Keef,Album 51,Rap / Hip-hop,246,track_00052,32,False,9,1,4,32000,2012-01-01
53,Mama Knew Love,Anthony Hamilton,Album 52,R&B,208,track_00053,20,False,7,1,4,20500,2003-07-15
54,Generé,Bipo Montana,Album 53,Rap / Hip-hop,219,track_00054,23,True,2,0,4,23000,2019-08-22
55,Girlfriend in a Coma - 2011 Remaster,The Smiths,Album 54,Rock,122,track_00055,28,False,1,0,4,28000,1987-01-01
56,Did It Again,Lil Tecca,Album 55,Rap / Hip-hop,116,track_00056,20,False,6,0,4,20500,2019-07-24
57,I'll Be All You'll Ever Need,Trinere,Album 56,Pop,324,track_00057,13,False,9,1,4,13500,1997-01-01
58,Talk Dirty To Me,Poison,Album 57,Rock,223,track_00058,27,True,2,0,4,27000,1986-01-01
59,Goodbye Love,Guy,Album 58,R&B,304,track_00059,22,False,9,0,3,22500,1988-01-01
60,Morph,Twenty One Pilots,Album 59,Pop,258,track_00060,35,False,6,1,4,35000,2018-10-05
61,50 Vezes - Ao Vivo,Sorriso Maroto,Album 60,EDM,184,track_00061,36,False,1,0,4,36500,2019-03-29
62,Harlem Shake,Baauer,Album 61,Rap / Hip-hop,196,track_00062,31,False,7,1,4,31000,2013-02-12
63,Always Gonna Say Sorry,Joakim Molitor,Album 62,EDM,193,track_00063,0,False,9,0,4,500,2017-05-26
64,SUPREME - L'ego (feat. tha Supreme & Sfera Ebbasta),Marracash,Album 63,Rap / Hip-hop,223,track_00064,39,False,3,1,4,39000,2019-10-31
65,Rattle Your Cage,Skrizzly Adams,Album 64,Rock,209,track_00065,22,False,7,1,4,22000,2019-11-15
66,Cheerleader - Felix Jaehn Remix Radio Edit,OMI,Album 65,Pop,180,track_00066,33,False,7,0,5,33500,2015-10-16
67,Why Don't You Get A Job,The Offspring,Album 66,Rock,172,track_00067,4,False,1,0,4,4000,1998-11-16
68,On the Back of Your Neck,Cienfue,Album 67,Pop,253,track_00068,24,False,0,0,4,24500,2020-01-03
69,WhatWasThat,BONES,Album 68,Rap / Hip-hop,143,track_00069,0,False,9,0,4,0,2015-11-29
70,Heartless (feat. Mustard),Polo G,Album 69,R&B,201,track_00070,38,False,7,1,4,38000,2019-09-20
71,Say My Name,Lil Yachty,Album 70,Rap / Hip-hop,186,track_00071,27,False,0,1,4,27000,2017-05-26
72,Paint My Love - 2014 Remastered Version,Michael Learns To Rock,Album 71,Rock,231,track_00072,18,False,9,0,4,18500,2014-10-25
73,Hi Life,UGK,Album 72,Rap / Hip-hop,325,track_00073,21,False,6,1,4,21000,1996-07-30
74,This Is Our Time,WILD,Album 73,Pop,202,track_00074,28,False,10,1,5,28500,2019-12-28
75,It Runs Through Me,Tom Misch,Album 74,Pop,261,track_00075,33,False,4,1,4,33500,2018-04-06
76,Nothing Really Matters - Afrojack Remix,Mr. Probz,Album 75,EDM,199,track_00076,26,False,1,0,3,26000,2015-02-20
77,Who Are You,The Who,Album 76,Rock,381,track_00077,6,False,10,0,4,6000,1978-08-18
78,I Want You To Want Me,Cheap Trick,Album 77,Rock,191,track_00078,0,False,0,0,4,0,1977-02-01
79,I Heard It Through The Grapevine - Single Version,Creedence Clearwater Revival,Album 78,Rock,231,track_00079,1,False,1,0,3,1000,2009-01-01
80,Without You - Remastered,Harry Nilsson,Album 79,R&B,203,track_00080,6,False,1,0,4,6500,1971-01-01
81,Raise Up,Petey Pablo,Album 80,Rap / Hip-hop,286,track_00081,27,False,1,0,4,27000,2001-01-01
82,Compound,Trellion,Album 81,Rap / Hip-hop,172,track_00082,20,False,3,0,4,20500,2019-01-16
83,Get the Party Started,P!nk,Album 82,Pop,192,track_00083,33,False,7,1,4,33000,2001-01-01
84,Stray Lines,Mishaal,Album 83,EDM,140,track_00084,24,False,4,1,4,24000,2019-11-15
85,Paloma Negra,Chavela Vargas,Album 84,R&B,198,track_00085,23,False,8,1,4,23500,1961-10-26
86,On Fire,Carmada,Album 85,Pop,230,track_00086,18,False,10,1,4,18500,2014-12-05
87,Tequila,Juanes,Album 86,Pop,159,track_00087,38,False,2,1,4,38500,2019-11-22
88,Ella Se Fue,Kinto Sol,Album 87,Pop,287,track_00088,30,False,2,0,4,30000,2005-01-01
89,Who Needs You - Remastered 2011,Queen,Album 88,Rock,186,track_00089,19,True,11,0,4,19500,1977-10-28
90,7/11,Beyoncé,Album 89,Pop,213,track_00090,35,False,9,1,4,35500,2014-11-24
91,Getting Away With Murder,Papa Roach,Album 90,Rock,190,track_00091,19,False,5,1,4,19000,2010-01-01
92,Smile - Years Remix,Galantis,Album 91,EDM,367,track_00092,7,False,5,0,4,7000,2014-09-08
93,My Nigga,YG,Album 92,Pop,235,track_00093,34,False,10,0,5,34500,2014-01-01
94,Don't Look Down (feat. Blake Young),CASS,Album 93,EDM,212,track_00094,21,False,3,1,4,21000,2017-05-08
95,Unity,Dimitri Vegas & Like Mike,Album 94,EDM,234,track_00095,33,True,6,1,4,33000,2018-07-20
96,pete davidson,Ariana Grande,Album 95,Pop,73,track_00096,18,False,7,0,4,18000,2018-08-17
97,This Is How We Party (with Icona Pop),R3HAB,Album 96,EDM,147,track_00097,30,False,4,0,4,30000,2019-02-08
98,Tokyo,Lianne La Havas,Album 97,R&B,269,track_00098,23,False,5,1,3,23000,2015-07-31
99,Corduroy Dreams,Rex Orange County,Album 98,Pop,206,track_00099,37,True,1,0,4,37500,2016-11-07
100,Hit That Jive,Gramatik,Album 99,EDM,203,track_00100,27,False,2,0,4,27500,2009-12-09
101,Nobody (feat. Athena Cage) - Single Version; 2007 Remaster,Keith Sweat,Album 100,R&B,251,track_00101,22,False,10,1,4,22500,2004-01-13
102,Go to Hell,Alice Cooper,Album 101,Rock,315,track_00102,19,False,4,1,4,19000,1976-01-01
103,Paparazzi,Lady Gaga,Album 102,Pop,208,track_00103,34,False,3,0,5,34500,2008-01-01
104,Jet Airliner - Remastered 2017,Steve Miller Band,Album 103,Rock,215,track_00104,16,False,6,0,4,16500,2017-09-15
105,Say It,Flume,Album 104,Rap / Hip-hop,262,track_00105,28,False,8,1,4,28500,2016-05-27
106,Faith - Radio Edit,Blasterjaxx,Album 105,EDM,183,track_00106,0,False,5,1,5,0,2013-01-01
107,Chloe (You're the One I Want),Emblem3,Album 106,Pop,222,track_00107,25,False,6,1,4,25500,2013-07-26
108,Save My Night - BlasterJaxx Remix,Armin van Buuren,Album 107,EDM,326,track_00108,8,True,3,1,4,8000,2014-03-10
109,Where I Won't Be Found,Seven Lions,Album 108,EDM,180,track_00109,18,False,2,0,4,18500,2017-06-05
110,She Don't Give a Fo,Duki,Album 109,Rap / Hip-hop,209,track_00110,35,True,5,1,5,35500,2018-03-12
111,Go Getta,Jeezy,Album 110,Rap / Hip-hop,229,track_00111,25,False,1,0,4,25000,2006-01-01
112,Payback - Original Mix,Sandro Silva,Album 111,EDM,277,track_00112,12,False,6,0,4,12500,2013-11-25
113,melancholyism.,Super Whatevr,Album 112,Pop,188,track_00113,23,False,2,1,4,23000,2020-01-07
114,Slow Motion,Color Me Badd,Album 113,R&B,265,track_00114,10,False,2,0,4,10500,1991-07-23
115,In Between,Beartooth,Album 114,Rock,213,track_00115,32,False,11,0,4,32000,2014-06-10
116,BARRACA (feat. MC Pikachu),Garmiani,Album 115,EDM,150,track_00116,25,False,6,0,4,25000,2019-05-03
117,Watch Me Dance,Tom Misch,Album 116,R&B,303,track_00117,18,False,10,0,4,18500,2016-07-15
118,Baila Conmigo,Manuel Turizo,Album 117,Pop,228,track_00118,26,False,3,0,4,26500,2016-12-07
119,California,DJ Quik,Album 118,Rap / Hip-hop,195,track_00119,5,False,11,1,4,5500,2009-08-04
120,Switch,Afrojack,Album 119,Pop,173,track_00120,27,False,3,0,4,27000,2019-04-26
121,Stranger,MOTHXR,Album 120,Pop,195,track_00121,24,False,4,1,4,24500,2016-02-26
122,How Ya Like Me Now - Longer Version,Kool Moe Dee,Album 121,R&B,337,track_00122,9,False,9,0,4,9500,1993-08-18
123,Hoops - Acoustic,JONES,Album 122,R&B,206,track_00123,23,False,2,1,4,23500,2016-01-20
124,Starstruck,Christopher Wilde,Album 123,Pop,175,track_00124,27,False,4,1,4,27500,2010-01-01
125,No Hands (feat. Roscoe Dash & Wale),Waka Flocka Flame,Album 124,Rap / Hip-hop,263,track_00125,37,False,1,0,4,37000,2010-10-01
126,You Don't Know,Psalm Trees,Album 125,Rap / Hip-hop,166,track_00126,28,False,11,0,4,29000,2019-08-30
127,CAN YOU HEAR ME NOW?,Bishop Briggs,Album 126,Rock,179,track_00127,26,False,2,1,4,26000,2019-11-08
128,Encanto,Don Omar,Album 127,Pop,195,track_00128,24,True,1,0,3,24500,2017-03-24
129,Down 4 Whateva,Nuttin' Nyce,Album 128,R&B,287,track_00129,12,False,2,1,4,12000,1993-01-01
130,Cemetry Gates - 2011 Remaster,The Smiths,Album 129,Rock,161,track_00130,26,False,0,0,4,26000,1986-01-01
131,I Don't Wanna,Aaliyah,Album 130,R&B,256,track_00131,0,False,0,1,4,0,2003-02-12
132,Die To Live,Volbeat,Album 131,Rock,182,track_00132,25,False,6,1,4,25000,2019-08-02
133,The Air Near My Fingers,The White Stripes,Album 132,Rock,220,track_00133,0,False,3,0,4,500,2003-04-01
134,Only for the Weak,In Flames,Album 133,Rock,295,track_00134,31,False,8,1,4,31500,2000-07-03
135,First World Problemz / Nobody Carez,Brent Faiyaz,Album 134,R&B,350,track_00135,26,False,5,1,4,26000,2017-10-13
136,I Can't Wait,Nu Shooz,Album 135,Rock,220,track_00136,1,False,6,1,3,1000,2007-01-01
137,I Dare You,The xx,Album 136,Pop,233,track_00137,31,False,4,1,4,31500,2017-01-13
138,Fake Plastic Trees,Radiohead,Album 137,Rock,290,track_00138,35,False,0,0,4,35000,1995-03-28
139,Marvins Room,Drake,Album 138,R&B,347,track_00139,37,False,11,0,4,37000,2011-11-15
140,Beautiful Trauma - MOTi Remix,P!nk,Album 139,EDM,209,track_00140,14,False,6,0,4,14500,2018-01-12
141,Centuries,Fall Out Boy,Album 140,Pop,228,track_00141,39,False,0,1,4,39500,2015-01-20
142,Dancewitme,Maxwell,Album 141,R&B,375,track_00142,18,False,7,1,3,18000,1996-04-02
143,Grateful (Neon Feather Remix),Cade Thompson,Album 142,Pop,142,track_00143,16,False,0,0,4,16500,2018-08-24
144,Fvck Luv,Duki,Album 143,Rap / Hip-hop,181,track_00144,0,False,10,0,4,500,2018-06-01
145,Congratulations - Don Diablo VIP Mix,Don Diablo,Album 144,EDM,195,track_00145,25,True,8,0,4,25500,2020-01-17
146,This Is Love,PJ Harvey,Album 145,Rock,226,track_00146,25,False,10,0,4,25500,2000-01-01
147,"Wow, I'm Not Crazy",AJR,Album 146,Pop,196,track_00147,28,False,0,0,4,28000,2019-04-26
148,Where Angels Fear To Tread - Single Version,Mustasch,Album 147,Rock,211,track_00148,21,False,7,1,4,21500,2019-06-07
149,Northern Sky (feat. Kb),Capital Kings,Album 148,EDM,207,track_00149,0,False,11,1,4,0,2015-10-02
150,Jungli Sher,DIVINE,Album 149,Rap / Hip-hop,186,track_00150,24,False,9,1,4,24000,2016-03-18
151,No Rest for the Wicked - Robin Schulz Remix Edit,Lykke Li,Album 150,Pop,201,track_00151,23,False,10,1,5,23500,2014-09-16
152,Azzlack Harami,Milonair,Album 151,Rap / Hip-hop,190,track_00152,0,False,7,1,4,0,2014-03-21
153,April Showers,Proleter,Album 152,EDM,275,track_00153,28,False,11,0,4,28000,2011-11-22
154,Hot In Herre,Nelly,Album 153,Rap / Hip-hop,228,track_00154,35,False,8,1,4,35500,2002-06-25
155,Rearranged,Killstation,Album 154,Rap / Hip-hop,86,track_00155,18,False,4,1,4,18500,2018-02-08
156,No Stylist,French Montana,Album 155,Rap / Hip-hop,192,track_00156,38,False,1,0,4,38000,2018-09-20
157,Live And Let Die,Guns N' Roses,Album 156,Rock,183,track_00157,4,False,6,1,4,4500,1991-01-01
158,Ocean Drive - Michael Calfan Remix,Duke Dumont,Album 157,EDM,285,track_00158,0,False,3,1,4,500,2015-08-31
159,Legends Never Die (feat. Against the Current),League of Legends,Album 158,EDM,235,track_00159,5,False,6,0,4,5000,2017-09-15
160,Da Graveyard,Big L,Album 159,Rap / Hip-hop,323,track_00160,25,False,8,1,4,25000,1995-03-28
161,Bored,Billie Eilish,Album 160,R&B,180,track_00161,38,False,10,1,3,38000,2017-03-30
162,Lying We're Fine,Leonell Cassio,Album 161,EDM,178,track_00162,21,False,10,1,4,21000,2019-11-01
163,I'm Dreamin',Christopher Williams,Album 162,R&B,303,track_00163,27,False,8,0,4,27500,1991-03-05
164,This World Is Sick,IC3PEAK,Album 163,Rap / Hip-hop,112,track_00164,24,False,7,0,4,24000,2018-04-18
165,Nevermore - Remastered 2011,Queen,Album 164,Rock,78,track_00165,17,False,6,0,4,17500,1974-03-08
166,Certainly - Flipped It,Erykah Badu,Album 165,R&B,326,track_00166,0,False,9,0,4,500,1997-02-11
167,Don't You Want Me,Jody Watley,Album 166,R&B,253,track_00167,8,False,7,1,4,8000,2000-01-01
168,I'm a Mess,Bebe Rexha,Album 167,Pop,195,track_00168,40,True,8,0,4,40000,2018-06-22
169,Ready Set (feat. Big Sean),Kash Doll,Album 168,Rap / Hip-hop,165,track_00169,36,False,8,0,4,36500,2019-10-18
170,Roll With Me (feat. Shungudzo) - Friend Within Remix,Bantu,Album 169,EDM,192,track_00170,17,True,8,1,4,17000,2018-12-14
171,Moved On,Redlight Blue,Album 170,Pop,167,track_00171,19,False,8,0,4,19500,2019-12-16
172,I See Your Smile,Gloria Estefan,Album 171,Pop,274,track_00172,17,False,10,1,5,17000,1985-01-01
173,Motownphilly,Boyz II Men,Album 172,R&B,235,track_00173,0,False,2,0,5,500,2009-01-01
174,Te Vi,Piso 21,Album 173,Pop,231,track_00174,41,False,6,0,4,41500,2018-12-14
175,Goodness Gracious - The Chainsmokers Extended Remix,Ellie Goulding,Album 174,EDM,259,track_00175,17,False,7,0,4,17500,2014-01-01
176,Krantenwijk,Lil Kleine,Album 175,Pop,202,track_00176,3,False,0,1,4,3000,2017-06-23
177,Call You Mine,The Chainsmokers,Album 176,Pop,217,track_00177,19,False,9,1,4,19500,2019-05-31
178,Untouchable,Tritonal,Album 177,EDM,228,track_00178,26,False,7,1,5,26500,2015-05-18
179,Déjame Volar,Aleman,Album 178,Rap / Hip-hop,203,track_00179,26,True,2,0,4,26000,2015-03-15
180,Feel Me (feat. Kanye West),Tyga,Album 179,Rap / Hip-hop,199,track_00180,0,False,10,0,4,0,2017-07-21
181,Andar Conmigo,Julieta Venegas,Album 180,Pop,193,track_00181,34,False,0,1,4,34500,2003-11-18
182,"Camelot (feat. Yo Gotti, BlocBoy JB & Moneybagg Yo) - Remix",NLE Choppa,Album 181,Rap / Hip-hop,198,track_00182,38,False,5,0,4,38500,2019-12-06
183,Nothin' But The Cavi Hit,Mack 10,Album 182,Rap / Hip-hop,240,track_00183,17,False,6,0,4,17500,2010-02-23
184,Alladat,Jarren Benton,Album 183,R&B,207,track_00184,19,False,3,0,4,19500,2015-01-27
185,Losing It,FISHER,Album 184,EDM,248,track_00185,7,True,6,0,4,7000,2018-07-13
186,1999,Charli XCX,Album 185,Pop,189,track_00186,35,False,10,0,4,35500,2018-10-05
187,Howling,RY X,Album 186,Pop,309,track_00187,2,False,1,1,4,2500,2016-05-06
188,48H (feat. Sfera Ebbasta),Izi,Album 187,Rap / Hip-hop,198,track_00188,34,False,11,1,4,34000,2019-05-10
189,Hard To Handle,The Black Crowes,Album 188,Rock,188,track_00189,34,False,1,1,4,34000,1990-02-13
190,Rhiannon,Fleetwood Mac,Album 189,Rock,252,track_00190,34,False,6,1,3,34000,1975-07-11
191,"If You Leave - From ""Pretty In Pink""",Orchestral Manoeuvres In The Dark,Album 190,Rock,268,track_00191,29,True,3,1,5,29500,2009-01-01
192,Stand By (feat. Rudimental) [#CWC19],LORYN,Album 191,Pop,189,track_00192,28,False,9,0,4,29000,2019-05-17
193,Forget,Twin Shadow,Album 192,Pop,230,track_00193,17,False,7,0,4,17000,2010-10-18
194,Make Me Feel Better - Klingande Remix,Alex Adair,Album 193,Pop,265,track_00194,14,False,11,0,3,14000,2015-03-01
195,I Adore Mi Amor,Color Me Badd,Album 113,R&B,289,track_00195,21,False,7,1,4,21500,1991-07-23
196,Panama - 2015 Remaster,Van Halen,Album 194,Rock,210,track_00196,36,False,6,1,4,36500,1984-01-04
197,I Need Your Love (feat. Ellie Goulding),Calvin Harris,Album 195,Pop,234,track_00197,34,False,2,1,4,34500,2012-10-26
198,It's Goin' Down (feat. Nitti),Yung Joc,Album 196,Rap / Hip-hop,241,track_00198,32,True,4,1,4,32500,2006-06-06
199,Ich Binnezz,Bonez MC,Album 197,Rap / Hip-hop,246,track_00199,20,False,2,0,4,20500,2015-01-30
200,Conte a Todos,Sango,Album 198,Pop,192,track_00200,20,False,3,0,4,20500,2017-03-15
201,Lucifer,JAY-Z,Album 199,Rap / Hip-hop,192,track_00201,27,False,5,1,4,27500,2003-11-14
202,If I Ever Lose My Faith In You,Sting,Album 200,Rock,270,track_00202,28,False,10,1,4,28500,1993-03-09
203,Middle Of The Night,MJG,Album 201,Rap / Hip-hop,305,track_00203,14,False,6,1,4,14500,1997-11-18
204,Bloom,bLAck pARty,Album 202,R&B,302,track_00204,30,False,3,1,4,30500,2016-10-14
205,Bring It On,Geto Boys,Album 203,Rap / Hip-hop,496,track_00205,15,False,2,0,4,15500,1993-03-09
206,"Love Me Like You Do - From ""Fifty Shades Of Grey""",Ellie Goulding,Album 204,EDM,252,track_00206,31,False,1,0,4,31000,2015-11-06
207,I Go Blind,Hootie & The Blowfish,Album 205,Rock,188,track_00207,21,True,2,0,4,21000,1995-09-19
208,Miss You Much,Janet Jackson,Album 206,R&B,252,track_00208,21,False,2,0,4,21000,1989-09-19
209,Let Your Love Flow,The Bellamy Brothers,Album 207,Rock,198,track_00209,34,False,0,1,4,34000,1976-07-01
210,Let It Happen,Tame Impala,Album 208,Pop,467,track_00210,6,False,11,0,4,6000,2015-07-17
211,Best Life,Danny Brown,Album 209,R&B,153,track_00211,27,False,4,1,4,27000,2019-10-04
212,Hall & Oates,Satchmode,Album 210,Pop,205,track_00212,10,False,6,0,4,10500,2015-08-25
213,Talk - Alle Farben Remix,Khalid,Album 211,Pop,167,track_00213,28,False,2,1,4,28000,2019-04-04
214,Popeye,MC Igu,Album 212,Rap / Hip-hop,219,track_00214,26,False,6,0,4,26000,2019-06-05
215,Bad (feat. Vassy) - Radio Edit,David Guetta,Album 213,EDM,170,track_00215,25,False,11,1,4,25500,2014-11-24
216,The Way,Ariana Grande,Album 214,Pop,227,track_00216,33,False,1,1,4,33500,2013-01-01
217,Palmar,Caloncho,Album 215,Pop,192,track_00217,31,False,11,0,4,31000,2015-10-30
218,No Te Quiero Perder,Sabino,Album 216,Rap / Hip-hop,197,track_00218,26,False,3,0,4,26500,2019-10-25
219,Headlights (feat. Ilsey),Robin Schulz,Album 217,Pop,209,track_00219,31,False,9,1,4,31500,2015-04-03
220,Golden Years - M-Phazes Remix,Ruel,Album 218,Pop,234,track_00220,28,False,8,0,4,28000,2018-03-16
221,Lose Your Soul,Jelly Roll,Album 219,Rap / Hip-hop,289,track_00221,15,False,2,1,4,15000,2016-05-13
222,Ride Wit Me,Nelly,Album 220,Rap / Hip-hop,291,track_00222,6,False,1,1,4,6500,2000-06-27
223,Fuoh,Zotiyac,Album 221,Rap / Hip-hop,154,track_00223,14,False,10,1,4,14000,2018-06-10
224,Tunnel of Love (Intro: The Carousel Waltz),Dire Straits,Album 222,Rock,488,track_00224,21,False,8,0,4,21500,1980-10-17
225,We Don't Talk Anymore,Charlie Puth,Album 223,Pop,217,track_00225,39,False,7,1,4,39500,2016-01-29
226,Russian Radio,Red Flag,Album 224,Rock,372,track_00226,17,False,9,1,4,17500,1989-01-01
227,MIDDLE OF THE NIGHT,Monsta X,Album 225,Pop,166,track_00227,34,False,4,1,4,34500,2019-12-06
228,Safari,J Balvin,Album 226,Pop,205,track_00228,22,False,5,1,4,22000,2016-06-24
229,"i hate u, i love u (feat. olivia o'brien) - Deepend Remix",gnash,Album 227,EDM,169,track_00229,23,False,8,0,4,23500,2016-07-22
230,Sektion (feat. Branco & Gilli),Benny Jamz,Album 228,Rap / Hip-hop,188,track_00230,29,False,9,1,4,29500,2019-12-30
231,Bon Bon Chocolat,EVERGLOW,Album 229,Pop,228,track_00231,36,False,3,0,4,36000,2019-03-18
232,Shotgun - Quintino Remix,Yellow Claw,Album 230,EDM,293,track_00232,0,True,5,1,4,0,2014-02-10
233,Drew Barrymore,SZA,Album 231,R&B,231,track_00233,33,False,6,0,4,33000,2017-06-09
234,In Only Seven Days - Remastered 2011,Queen,Album 16,Rock,149,track_00234,20,False,8,1,4,20000,1978-11-10
235,Booty Loose (feat. Fly Boi Keno),Party Favor,Album 232,EDM,151,track_00235,0,False,2,1,4,0,2015-07-17
236,Fire Fly,Childish Gambino,Album 233,R&B,203,track_00236,0,False,2,0,4,0,2011-01-01
237,Adrenalize,In This Moment,Album 97,Rock,255,track_00237,29,False,5,1,4,29500,2012-08-14
238,You Really Got Me - 2004 Remaster,Van Halen,Album 234,Rock,158,track_00238,15,False,0,0,4,15500,2004-01-01
239,With You - Frank Walker Remix,Tyler Shaw,Album 235,Pop,206,track_00239,24,False,10,0,4,24500,2019-02-01
240,Peachy Keen,L Devine,Album 236,Pop,148,track_00240,26,False,10,0,4,26000,2019-10-18
241,Trenches,Pop Evil,Album 237,Rock,218,track_00241,17,False,2,1,4,17000,2013-03-02
242,Swish,Josh Stanley,Album 238,Pop,121,track_00242,24,False,4,1,3,24500,2019-10-04
243,Liar,Camila Cabello,Album 239,Pop,207,track_00243,38,False,11,1,4,38500,2019-12-06
244,Safety (feat. DJ Snake) - Dark Heart Burn Mix,GASHI,Album 240,EDM,159,track_00244,20,False,9,1,4,20000,2019-11-15
245,The Whole World (feat. Killer Mike),OutKast,Album 241,Rap / Hip-hop,295,track_00245,24,False,8,0,4,24500,2001-10-04
246,Guardia Civil,Reda Rwena,Album 242,Rap / Hip-hop,260,track_00246,15,False,7,0,4,15500,2017-09-13
247,Calabria - Firebeatz Remix,Rune RK,Album 243,EDM,217,track_00247,30,False,4,1,4,30000,2014-10-27
248,Best Rapper Alive,Lil Wayne,Album 244,Rap / Hip-hop,293,track_00248,25,False,9,0,4,25000,2005-01-01
249,Always on My Mind,Pet Shop Boys,Album 245,Pop,234,track_00249,35,False,3,1,4,35000,1998-03-31
250,Magenta (prod. Auer),Pezet,Album 246,Rap / Hip-hop,200,track_00250,31,False,6,1,3,31500,2019-09-27
251,Fortunate Son,Creedence Clearwater Revival,Album 247,Rock,138,track_00251,0,False,1,1,4,500,2005-01-01
252,Chillax,Alkilados,Album 248,Pop,196,track_00252,2,False,11,0,4,2000,2015-08-25
253,Sleepy Eyes,Elohim,Album 249,Rap / Hip-hop,202,track_00253,5,False,8,1,4,5500,2018-04-27
254,In Between Days - 2006 Remaster,The Cure,Album 250,Rock,177,track_00254,26,False,10,0,4,26500,1985-08-26
255,Got To Get It,Sisqo,Album 251,R&B,174,track_00255,0,False,2,0,4,0,1999-01-01
256,Inocente,Myke Towers,Album 252,Pop,201,track_00256,36,False,2,0,4,36500,2019-06-25
257,I Wanna Sex You Up,Color Me Badd,Album 253,R&B,240,track_00257,25,False,11,1,4,25500,2005-03-15
258,Million Years,Gareth Emery,Album 254,EDM,243,track_00258,0,False,5,0,4,0,2014-04-01
259,Make Believe,Kenny Lattimore,Album 255,R&B,286,track_00259,11,False,9,1,4,11500,1998-10-20
260,Go Your Own Way - 2004 Remaster,Fleetwood Mac,Album 256,Rock,223,track_00260,37,False,7,0,4,37000,1977-02-04
261,He Could Be the One,Hannah Montana,Album 257,Pop,180,track_00261,32,False,1,0,4,32500,2009-01-01
262,Drop In the Ocean,OMI,Album 65,Pop,177,track_00262,25,True,7,1,4,25000,2015-10-16
263,The Second Brightest Star,Big Big Train,Album 258,Rock,437,track_00263,15,False,7,0,4,15000,2017-07-14
264,Summer on You,PRETTYMUCH,Album 259,R&B,205,track_00264,36,False,11,1,4,36500,2018-06-21
265,Mine,Mark Mendy,Album 260,EDM,168,track_00265,27,False,11,0,4,27500,2019-08-23
266,Living in Oblivion,Anything Box,Album 261,Rock,306,track_00266,0,False,4,0,5,0,2018-01-18
267,Dream On,Aerosmith,Album 262,Rock,265,track_00267,30,True,6,1,4,30500,2011-09-13
268,High Fashion (feat. Mustard),Roddy Ricch,Album 263,Rap / Hip-hop,220,track_00268,41,True,8,0,4,41500,2019-12-06
269,22,TINI,Album 264,Pop,159,track_00269,37,False,1,0,4,37000,2019-05-03
270,Keep Watch,Wu-Tang Clan,Album 265,Rap / Hip-hop,265,track_00270,20,False,3,1,4,20000,2014-11-28
271,Blame,Calvin Harris,Album 266,Pop,212,track_00271,37,False,7,0,4,37500,2014-10-31
272,Do Me Like A Drug,Emmanuel Franco,Album 267,Pop,172,track_00272,17,False,1,0,4,17500,2020-01-08
273,Good as Hell (feat. Ariana Grande) - Remix,Lizzo,Album 268,Pop,159,track_00273,44,False,3,0,4,44500,2019-10-25
274,Nasty,Janet Jackson,Album 269,Rock,243,track_00274,25,False,2,1,4,25500,1986-02-04
275,The Beard Song,Demun Jones,Album 270,Rap / Hip-hop,172,track_00275,14,False,6,1,4,14000,2018-01-19
276,Siempre Peligroso (feat. Fermin IV Caballero) - feat. Fermin IV Caballero of Control Machete,Cypress Hill,Album 271,Rap / Hip-hop,237,track_00276,19,False,11,1,4,19000,1999-10-07
277,I Was Made For Lovin' You,KISS,Album 272,Rock,271,track_00277,39,False,1,1,4,39000,1979-03-23
278,Own It (feat. Ed Sheeran & Burna Boy),Stormzy,Album 273,Rap / Hip-hop,216,track_00278,38,False,1,0,4,38000,2019-11-22
279,Dr. Beat,Gloria Estefan,Album 274,Pop,262,track_00279,17,False,6,0,4,17500,1990-09-25
280,Busy Earnin',Jungle,Album 275,Pop,181,track_00280,26,False,8,0,4,26500,2014-07-15
281,Control,VNV Nation,Album 276,Pop,350,track_00281,20,False,6,0,4,20000,2011-09-16
282,Cupid Shuffle,Cupid,Album 277,Rap / Hip-hop,231,track_00282,30,False,11,0,4,30000,2007-09-11
283,Ice,Ecko,Album 278,Rap / Hip-hop,100,track_00283,0,False,6,0,4,500,2018-11-09
284,Por Contarle Los Secretos,Jon Z,Album 279,Rap / Hip-hop,280,track_00284,33,False,4,1,4,33500,2019-11-27
285,Lil Mama,Miles Wesley,Album 280,Rap / Hip-hop,171,track_00285,30,False,11,1,4,30500,2019-07-26
286,Lower,TENDER,Album 281,Pop,239,track_00286,13,True,4,0,4,13000,2019-05-31
287,Beast Of Burden - Remastered,The Rolling Stones,Album 282,Rock,265,track_00287,9,False,9,1,4,9000,1978-06-09
288,Drown,Theory of a Deadman,Album 283,Rock,221,track_00288,13,False,5,1,4,13000,2014-04-22
289,Not Backing Down,Blanca,Album 284,EDM,198,track_00289,20,True,7,1,4,20000,2015-05-04
290,Get Free (feat. Amber Coffman),Major Lazer,Album 285,Pop,291,track_00290,2,False,7,0,4,2000,2013-03-15
291,Why'd You Only Call Me When You're High?,Arctic Monkeys,Album 286,Rock,161,track_00291,38,False,1,0,4,38000,2013-09-09
292,Sass Cafe,Josh Stanley,Album 287,Pop,160,track_00292,20,False,11,1,4,20500,2019-06-07
293,Hello Hello,Fickle Friends,Album 288,Pop,178,track_00293,20,True,1,1,4,20000,2018-03-16
294,Dare You - Radio Edit,Hardwell,Album 289,EDM,218,track_00294,14,True,11,0,4,14500,2013-11-15
295,Real Eyes,Fili,Album 290,Pop,254,track_00295,19,False,6,1,4,19000,2019-12-20
296,FRIENDS,Marshmello,Album 291,Pop,202,track_00296,41,False,1,1,4,41500,2018-02-09
297,Me Myself & I,Jhaye,Album 292,R&B,195,track_00297,7,True,10,1,3,7500,2018-11-16
298,All Day All Night,Bobby Brown,Album 293,R&B,280,track_00298,12,False,5,1,4,12500,1988-01-01
299,Celebration (feat. Ky-Mani Marley),Maffio,Album 294,Pop,231,track_00299,30,False,6,0,4,30500,2019-10-04
300,Ready for Love - 2015 Remaster,Bad Company,Album 295,Rock,299,track_00300,24,False,8,0,4,24000,1974-01-01
301,Good Nights (feat. Mascolo),Whethan,Album 296,Pop,165,track_00301,33,False,2,1,4,33500,2018-11-09
302,Where Do We Go,Solange,Album 297,R&B,264,track_00302,24,False,10,0,5,24000,2016-09-30
303,Back In Black,AC/DC,Album 298,Pop,255,track_00303,41,False,3,0,4,41500,1980-07-25
304,Little Lies,Fleetwood Mac,Album 171,Rock,218,track_00304,29,False,6,1,4,29500,1988-11-21
305,Urgent,Foreigner,Album 26,Rock,271,track_00305,28,False,3,0,4,29000,1981-01-01
306,California,Delinquent Habits,Album 299,Pop,234,track_00306,24,False,6,1,4,24000,2017-03-03
307,Dogs of War,Blues Saraceno,Album 300,Rap / Hip-hop,176,track_00307,27,False,9,0,4,27000,2014-05-06
308,Say It's Gonna Rain,Will To Power,Album None,Pop,232,track_00308,18,False,11,0,4,18500,1988-08-09
309,Sway - Chainsmokers Remix,Anna of the North,Album None,Pop,180,track_00309,26,False,3,0,4,26500,2014-10-07
310,Million Pieces - M-22 Remix,Bastille,Album None,Pop,166,track_00310,26,True,1,1,4,26500,2019-09-27
311,Lebensborn - Update,[:SITD:],Album None,Pop,337,track_00311,2,False,2,0,4,2000,2011-11-18
312,Triste,Kase.O,Album None,R&B,149,track_00312,24,False,2,1,4,24500,2016-09-23
313,Drop Your Love (feat. Dirty Radio),Young Franco,Album None,R&B,207,track_00313,22,False,5,0,4,22500,2016-03-14
314,The Hunted (feat. Sully Erna),Saint Asonia,Album None,Rock,223,track_00314,28,False,7,0,4,29000,2019-07-24
315,I Follow Rivers,Lykke Li,Album None,Pop,228,track_00315,21,False,10,0,4,21000,2008-01-01
316,"Axel F - From ""Beverly Hills Cop"" Soundtrack",Harold Faltermeyer,Album None,Rock,180,track_00316,19,False,4,0,4,19000,2010-01-01
317,She's Long Gone,The Black Keys,Album None,Rap / Hip-hop,185,track_00317,21,False,1,1,4,21500,2010-10-18
318,All In My Head,Tori Kelly,Album None,R&B,210,track_00318,30,False,7,0,4,30000,2012-01-01
319,Sorry,Justin Bieber,Album None,Pop,200,track_00319,40,True,6,1,4,40500,2015-11-13
320,Sleep Talking,Charlotte Lawrence,Album None,Pop,224,track_00320,33,False,2,0,4,33000,2017-10-20
321,Youth (Qrion Remix) [feat. Satica],Manila Killa,Album None,Pop,266,track_00321,4,False,11,0,4,4500,2016-07-19
322,Nudies,24hrs,Album None,Rap / Hip-hop,165,track_00322,24,False,11,0,4,24500,2019-10-18
323,Looking Back - Walden Remix,The Only,Album None,EDM,360,track_00323,4,False,0,0,4,4000,2012-01-01
324,Can't C Me,2Pac,Album None,Rap / Hip-hop,330,track_00324,32,False,7,1,4,32500,1996-02-13
325,Let Me Roll It - Remastered 2010,Paul McCartney,Album None,Rock,289,track_00325,1,False,4,1,4,1500,1973-12-05
326,Cosmic Dark,Pitchback,Album None,EDM,195,track_00326,11,False,5,1,4,11000,2016-07-01
327,You're Makin' Me High,Toni Braxton,Album None,R&B,267,track_00327,21,False,9,0,3,21500,1996-01-01
328,Ella Me Cautivo,J Balvin,Album None,Pop,254,track_00328,0,False,4,0,4,0,2010-05-07
329,The Middle,Zedd,Album None,Pop,184,track_00329,42,False,0,0,4,42000,2018-01-23
330,News For You,Eric Benét,Album None,R&B,321,track_00330,17,False,9,1,4,17000,2012-01-01
331,Big & Loud,Nick Nolan,Album None,Rap / Hip-hop,164,track_00331,4,False,9,0,4,4500,2014-09-24
332,ANGST II,MESSIAH!,Album None,Rap / Hip-hop,180,track_00332,20,False,4,0,4,20500,2019-07-19
333,Oye,TINI,Album None,Pop,173,track_00333,40,True,1,0,4,40500,2019-10-11
334,Genie in a Bottle,Campsite Dream,Album None,Pop,151,track_00334,25,False,5,1,4,25500,2018-07-13
335,Dragostea Din Tei - Original Romanian Version,O-Zone,Album None,Pop,213,track_00335,4,False,2,0,4,4000,2009-12-25
336,Champion,Fall Out Boy,Album None,R&B,192,track_00336,1,False,2,1,4,1500,2017-06-22
337,This Is The Shack,Warren G,Album None,Rap / Hip-hop,245,track_00337,10,False,9,0,4,10000,1994-06-07
338,Sun Is Shining - W&W Remix,Axwell /\ Ingrosso,Album None,EDM,314,track_00338,18,False,9,1,4,18000,2015-08-28
339,In Da Club,50 Cent,Album None,Rap / Hip-hop,193,track_00339,0,False,3,1,4,500,2003-02-06
340,Outta My Head (with John Mayer),Khalid,Album None,Pop,177,track_00340,37,False,11,0,4,37500,2019-04-05
341,Point of No Return,Nu Shooz,Album None,Pop,266,track_00341,19,False,1,1,4,19000,1986-05-05
342,Pedro Navaja,Rubén Blades,Album None,Pop,443,track_00342,4,False,5,1,4,4500,2012-03-26
343,You Could Be Mine,Guns N' Roses,Album None,Rock,343,track_00343,3,True,11,1,4,3000,1991-01-01
344,Rockstar (feat. DV8),Timmy Trumpet,Album None,EDM,211,track_00344,25,False,5,0,4,25500,2018-10-15
345,Aprovecha (feat. Daddy Yankee),Nova y Jory,Album None,Pop,222,track_00345,28,False,11,0,4,29000,2011-07-12
346,Icky Thump,The White Stripes,Album None,Rock,254,track_00346,29,False,11,1,4,29500,2007-06-15
347,Fre$h,Lil Whigga,Album None,Rap / Hip-hop,163,track_00347,19,False,7,1,4,19500,2019-04-23
348,Come With Me,Shai,Album None,R&B,279,track_00348,17,False,6,1,4,17500,1995-01-01
349,Papaoutai,Stromae,Album None,Rap / Hip-hop,232,track_00349,7,False,3,0,4,7500,2013-01-01
350,UP THE SMOKE (with Offset),Stunna 4 Vegas,Album None,Rap / Hip-hop,188,track_00350,40,False,7,1,3,40500,2019-11-08
351,Heaven,The Blaze,Album None,EDM,219,track_00351,31,False,0,1,4,31000,2018-09-07
352,Into You (feat. Tamia) - Radio Edit,Fabolous,Album None,R&B,274,track_00352,17,True,6,1,4,17500,2015-01-30
353,Melaza,Tiro De Gracia,Album None,Pop,179,track_00353,21,False,0,0,4,21500,2006-01-01
354,Tus Ojos No Me Ven - feat. Joewell y Randy,Joey Montana,Album None,Pop,279,track_00354,22,False,1,0,4,22500,2010-01-01
355,Los Olores de Tu Alma,Javiera Mena,Album None,Pop,300,track_00355,0,False,3,0,4,0,2014-10-28
356,Don't Kill My High,Lost Kings,Album None,Pop,180,track_00356,33,True,0,0,4,33500,2019-01-18
357,Side To Side - Slushii Remix,Ariana Grande,Album None,EDM,202,track_00357,0,False,11,1,4,0,2017-02-03
358,Return To Love,Andrea Bocelli,Album None,R&B,274,track_00358,27,False,6,0,4,27500,2019-10-03
359,Heart Of Glass - Special Mix,Blondie,Album None,Rock,275,track_00359,35,False,0,0,4,35000,1981-10-31
360,"Uncertain Smile - Original 7"" Version 1982",The The,Album None,Pop,295,track_00360,13,False,0,0,4,13500,2002-05-07
361,Whipping Post,The Allman Brothers Band,Album None,Rock,316,track_00361,0,False,1,1,4,0,1969-01-01
362,Moonlight,Gaullin,Album None,Pop,173,track_00362,38,False,7,1,4,38000,2018-09-07
363,Break the Rules,Charli XCX,Album None,Pop,203,track_00363,23,False,9,1,4,23000,2014-12-15
364,Good Looking,Don Omar,Album None,Pop,258,track_00364,28,False,6,1,4,28000,2010-01-01
365,This Is Why I'm Hot,MiMS,Album None,Rap / Hip-hop,253,track_00365,28,False,8,0,4,28500,2007-01-01
366,More,Zion,Album None,Pop,240,track_00366,31,False,3,1,4,31500,2012-08-20
367,Getaway,Tritonal,Album None,EDM,217,track_00367,23,False,2,0,4,23500,2016-09-09
368,Digging My Own Grave,Escape the Fate,Album None,Rock,197,track_00368,14,False,0,0,4,14500,2018-02-16
369,Los Angeles Times,Xzibit,Album None,Rap / Hip-hop,263,track_00369,14,False,8,0,4,14000,1999-11-08
370,Love Like Mine,Miami Horror,Album None,Pop,250,track_00370,0,False,1,1,4,0,2015-04-07
371,Ronca,Don Omar,Album None,Pop,301,track_00371,1,False,3,0,4,1500,2004-01-01
372,Get It On Tonite,Montell Jordan,Album None,R&B,277,track_00372,25,False,11,0,4,25500,2015-09-25
373,Boy I've Been Told,Safire,Album None,Pop,375,track_00373,17,False,8,0,3,17500,2006-11-27
374,Ain't My Fault,Zara Larsson,Album None,Pop,224,track_00374,34,False,8,0,4,34500,2017-03-17
375,Far Away,Nickelback,Album None,Rock,238,track_00375,35,True,9,1,4,35000,2005-09-26
376,The Kids Are Alright - Mono/Stereo Version,The Who,Album 171,Rock,187,track_00376,0,False,7,0,5,0,2009-12-21
377,Shakin' Off The Rust,The Blue Stones,Album None,Rock,222,track_00377,31,False,8,0,4,31000,2019-10-11
378,Dancing On Glass,St. Lucia,Album None,Pop,246,track_00378,28,False,2,0,4,29000,2016-01-29
379,Galway Girl,Ed Sheeran,Album None,Pop,170,track_00379,40,False,2,0,4,40000,2017-03-03
380,Free (feat. T-Jay),GAWVI,Album None,EDM,211,track_00380,0,False,5,0,3,0,2016-09-09
381,Freak Like Me,Halestorm,Album None,Rock,218,track_00381,22,False,10,0,4,22000,2012-04-03
382,Kisse Misse,Annella,Album None,EDM,177,track_00382,22,False,10,1,4,22000,2018-05-09
383,Vice Grip,Parkway Drive,Album None,Rock,263,track_00383,29,False,6,1,4,29500,2015-09-25
384,Show Me Love,Robin Schulz,Album None,Pop,255,track_00384,30,True,11,1,4,30000,2015-09-25
385,If I Lose Myself - Alesso vs OneRepublic,OneRepublic,Album None,EDM,214,track_00385,3,False,9,1,4,3000,2013-01-01
386,Rich Boy,Josh Stanley,Album None,Pop,170,track_00386,17,False,3,0,4,17000,2019-07-26
387,Him Or Me - Edit Version,Today,Album None,R&B,261,track_00387,0,False,8,1,4,0,1993-01-01
388,Love Scars,Trippie Redd,Album None,Rap / Hip-hop,143,track_00388,37,False,9,1,4,37500,2017-05-14
389,Stairway To Heaven,Led Zeppelin,Album None,Rock,478,track_00389,0,False,4,0,4,0,1971-11-08
390,Severed,The Decemberists,Album None,Pop,243,track_00390,16,False,6,0,4,16500,2018-01-17
391,Don't Wanna Know,Maroon 5,Album None,Pop,214,track_00391,5,True,6,1,4,5500,2016-10-11
392,Storm (feat. Kyra Mastro),Famba,Album None,EDM,192,track_00392,25,False,5,0,4,25000,2019-08-09
393,Prettiest Virgin (Radio Edit),Agar Agar,Album None,Pop,270,track_00393,28,False,6,1,4,28500,2016-04-22
394,Kiss You,One Direction,Album None,Pop,182,track_00394,36,False,11,1,4,36000,2012-11-09
395,Fuentes de Ortiz,Ed Maverick,Album None,Pop,207,track_00395,39,False,7,0,4,39000,2018-03-02
396,Cold Ain't For Me,Oceans,Album None,Pop,205,track_00396,25,False,2,1,4,25000,2016-08-26
397,Schreibe mein Schicksal,Haze,Album None,Rap / Hip-hop,286,track_00397,18,False,8,1,4,18500,2018-02-16
398,WANT,TAEMIN,Album None,Pop,208,track_00398,31,False,0,1,4,31500,2019-02-11
399,Suave (Remix),El Alfa,Album None,Pop,305,track_00399,31,False,6,0,4,31000,2018-08-24
400,The Bottle,Hermano,Album None,Rap / Hip-hop,282,track_00400,20,True,8,1,4,20500,2007-10-01
401,Who's Got Your Love - Mike Williams Remix,Cheat Codes,Album None,EDM,184,track_00401,21,False,6,1,4,21500,2019-07-25
402,Without Love,Nikka Costa,Album None,R&B,264,track_00402,0,False,4,0,4,0,2008-01-01
403,Conquista,Jerau,Album None,Pop,217,track_00403,0,False,3,1,4,0,2012-01-01
404,Take Me to Church,Hozier,Album None,Pop,241,track_00404,12,False,10,0,4,12000,2014-10-07
405,Grillz - Dirty,Nelly,Album None,Rap / Hip-hop,271,track_00405,28,False,7,1,4,28500,2005-11-25
406,So Good (feat. Raekwon),Davina,Album None,R&B,262,track_00406,12,False,11,1,4,12000,2015-07-17
407,Seppuku (feat. Suicideboy$ & Jgrxxn),Ghostemane,Album None,Rap / Hip-hop,183,track_00407,30,False,8,0,4,30500,2015-09-16
408,Belief - Acoustic,John Mayer,Album None,Pop,222,track_00408,22,False,2,1,4,22500,2006-12-12
409,Dilemma,Nelly,Album 153,Rap / Hip-hop,289,track_00409,38,False,10,1,4,38500,2002-06-25
410,When Can I See You,Babyface,Album None,R&B,229,track_00410,6,False,4,1,4,6500,1993-08-24
411,Fortunate,Maxwell,Album None,R&B,299,track_00411,25,False,1,0,4,25000,1999-01-01
412,Bonita,J Balvin,Album None,Pop,265,track_00412,37,False,5,0,4,37000,2017-06-02
413,Dag 1,Gilli,Album None,Rap / Hip-hop,199,track_00413,28,False,3,0,4,28000,2019-07-13
414,Your Peace (feat. Lil Baby),Jacquees,Album None,R&B,183,track_00414,24,False,6,1,4,24000,2019-03-22
415,Trouble,Annella,Album None,EDM,195,track_00415,22,False,7,0,4,22000,2019-03-25
416,Blood // Water,grandson,Album None,Pop,216,track_00416,36,False,6,1,3,36500,2018-05-04
417,A las Cosas por Su Nombre,Violadores Del Verso,Album None,Pop,259,track_00417,24,True,0,1,4,24500,2006-01-01
418,Shame,Freddie Gibbs,Album None,R&B,185,track_00418,13,False,1,0,4,13000,2014-06-03
419,Higher (feat. Deronda K. Lewis),Twelve24,Album None,EDM,206,track_00419,11,False,4,1,4,11000,2015-10-24
420,Light Up the Sky,Thousand Foot Krutch,Album None,Rock,239,track_00420,22,False,7,1,4,22000,2012-04-17
421,Too Late,NIMMO,Album None,Pop,324,track_00421,8,False,8,1,4,8500,2018-03-08
422,My Death,Scott Walker,Album None,Rock,297,track_00422,12,False,1,0,4,12000,1967-01-01
423,All The Way,Timeflies,Album None,EDM,179,track_00423,0,False,11,1,4,0,2014-01-01
424,This Is What You Came For,Calvin Harris,Album None,Pop,222,track_00424,39,False,7,0,4,39500,2016-04-29
425,Everybody Wants To Rule The World - Extended Version,Tears For Fears,Album None,Pop,340,track_00425,1,True,8,1,4,1000,1985-02-25
426,Riot Rhythm,Sleigh Bells,Album None,Rock,156,track_00426,21,False,1,1,4,21000,2010-06-01
427,I Saw the Light,Todd Rundgren,Album None,Rock,182,track_00427,25,False,5,1,4,25500,1972-01-01
428,Cruel (feat. ZAYN),Snakehips,Album None,Pop,228,track_00428,31,False,9,0,4,31000,2016-07-15
429,Love Is a Bitch,Two Feet,Album None,Pop,181,track_00429,2,False,7,1,3,2500,2017-05-19
430,Mafo,Naira Marley,Album None,Pop,214,track_00430,28,False,3,0,4,28500,2019-09-27
431,They Don't Know,Jon B.,Album None,R&B,274,track_00431,30,False,4,1,5,30000,1997-04-21
432,"Endless, a Silent Whisper",Urbandub,Album None,Rock,239,track_00432,23,False,0,1,4,23000,2005-01-01
433,Setting Fires,The Chainsmokers,Album None,EDM,247,track_00433,26,True,1,1,4,26500,2016-11-04
434,Money Longer,Lil Uzi Vert,Album None,Rap / Hip-hop,198,track_00434,38,False,1,1,4,38000,2016-05-27
435,King Harvest (Has Surely Come) - Alternate Take/Remastered,The Band,Album None,Rock,268,track_00435,7,False,0,0,4,7000,2015-01-01
436,This Is America,Childish Gambino,Album None,Pop,225,track_00436,38,False,0,0,5,38000,2018-05-06
437,Seele,Azet,Album None,Rap / Hip-hop,134,track_00437,37,False,7,0,4,37000,2019-11-06
438,Sincera,Fred De Palma,Album None,Pop,189,track_00438,16,False,6,0,4,16000,2018-11-06
439,A Donde,Sentidos Opuestos,Album None,Pop,249,track_00439,15,False,6,0,4,15000,1997-01-01
440,In My Feelings,Drake,Album None,R&B,217,track_00440,9,False,8,0,4,9000,2018-06-29
441,Backyard Boogie,Mack 10,Album None,Rap / Hip-hop,259,track_00441,26,False,10,1,4,26500,1997-01-01
442,We Sink,Of Monsters and Men,Album None,Pop,261,track_00442,2,False,4,1,4,2000,2015-06-05
443,Falling Down,Pallas,Album None,Rock,449,track_00443,5,False,0,1,4,5000,2011-01-21
444,Estamos Arriba,Bad Bunny,Album None,Rap / Hip-hop,225,track_00444,36,False,10,1,4,36000,2019-06-14
445,Clocks,Coldplay,Album None,Pop,307,track_00445,37,False,8,1,4,37500,2002-08-08
446,Let The Beat Build,Lil Wayne,Album None,Rap / Hip-hop,309,track_00446,28,False,10,1,4,28000,2008-01-01
447,Karate,R3HAB,Album None,EDM,209,track_00447,0,True,6,0,4,0,2014-12-29
448,Dynamite - Original Mix,Quintino,Album None,EDM,245,track_00448,0,False,0,0,4,0,2013-09-23
449,Rump Shaker,Wreckx-N-Effect,Album None,R&B,311,track_00449,21,False,8,0,4,21500,2012-04-06
450,Hooka,Don Omar,Album None,Pop,237,track_00450,30,False,2,1,4,30000,2010-01-01
451,Song For You,Rhye,Album 97,Pop,238,track_00451,30,False,7,0,4,30000,2018-02-02
452,Can't Take My Eyes off You,Frankie Valli,Album None,R&B,203,track_00452,32,False,3,1,4,32500,1967-01-01
453,Bad Moon Rising,Creedence Clearwater Revival,Album None,Rock,139,track_00453,2,False,7,0,4,2500,2005-12-14
454,Banana Pancakes,Jack Johnson,Album None,Pop,191,track_00454,35,False,10,0,4,35500,2005-01-01
455,I Seen A Man Die,Scarface,Album 171,Rap / Hip-hop,239,track_00455,16,False,1,0,4,16000,2010-01-01
456,Golden,Jill Scott,Album None,R&B,231,track_00456,26,False,10,0,4,26500,2004-08-31
457,Make It Better (feat. Smokey Robinson),Anderson .Paak,Album None,R&B,219,track_00457,7,True,0,0,4,7000,2019-04-04
458,One For the Money,Escape the Fate,Album None,Rock,199,track_00458,0,False,7,1,4,0,2013-05-14
459,All I Wanna Do,Martin Jensen,Album None,Pop,194,track_00459,27,False,2,0,4,27500,2016-04-08
460,Ni Un Fruto,Denise Rosenthal,Album None,Pop,191,track_00460,27,False,0,0,4,27500,2019-11-28
461,Let You Know - Nathan C Remix,Flume,Album None,EDM,195,track_00461,23,False,7,1,4,23500,2019-08-30
462,Fly By Night,Rush,Album None,Rock,202,track_00462,0,False,1,1,4,500,1975-02-15
463,Feel It All Around,Washed Out,Album None,Pop,192,track_00463,2,False,4,0,4,2000,2010-03-01
464,Hold Me Now,Thompson Twins,Album None,Rock,286,track_00464,28,False,4,0,4,28000,1984-10-01
465,entheogen,Nohidea,Album None,Rap / Hip-hop,108,track_00465,26,False,2,0,4,26000,2018-08-18
466,Una y Otra Vez,Manuel Medrano,Album None,Pop,190,track_00466,34,False,10,1,4,34500,2015-10-30
467,LUNA,Sick Individuals,Album None,EDM,200,track_00467,27,False,11,1,4,27500,2019-03-29
468,Bienvenidos - Live,Miguel Rios,Album None,Rock,247,track_00468,0,False,3,0,4,0,2005-01-01
469,ZEZE (feat. Travis Scott & Offset),Kodak Black,Album None,Pop,229,track_00469,28,False,4,1,3,28000,2018-10-11
470,Rxdical Forever,Anonymuz,Album None,Rap / Hip-hop,144,track_00470,21,False,7,1,4,21500,2019-03-25
471,Deliriously Good,Rat City,Album None,Pop,213,track_00471,22,False,1,1,4,22500,2019-08-16
472,Afternoon,TENDER,Album None,Pop,188,track_00472,21,False,7,0,4,21500,2016-01-04
473,Ghost - Lost Kings Remix,Halsey,Album None,Pop,189,track_00473,0,False,1,1,4,500,2015-03-03
474,Surrender,Cash Cash,Album None,EDM,208,track_00474,21,False,11,0,5,21500,2016-06-24
475,Mayor Que Yo 3,Luny Tunes,Album None,Pop,309,track_00475,26,False,2,0,4,26000,2016-04-22
476,Vete,Khea,Album None,Rap / Hip-hop,182,track_00476,32,False,6,1,4,32000,2017-12-21
477,The High Road,Joss Stone,Album None,R&B,279,track_00477,0,True,1,1,4,0,2012-01-01
478,Just Us (feat. SZA),DJ Khaled,Album None,Pop,221,track_00478,35,False,7,0,4,35500,2019-05-17
479,Blood - Remix,Moonkey,Album None,Rap / Hip-hop,276,track_00479,32,False,6,1,4,32500,2019-11-22
480,Sola,Luis Fonsi,Album None,Pop,205,track_00480,33,False,5,0,4,33000,2019-01-23
481,Long Road To Ruin,Foo Fighters,Album None,Rock,224,track_00481,28,False,8,1,4,29000,2007-09-25
482,Is' mir egal,Hanybal,Album None,Rap / Hip-hop,174,track_00482,0,False,2,1,4,0,2015-02-27
483,Von unten nach oben,TaiMO,Album None,Rap / Hip-hop,187,track_00483,13,True,5,0,5,13500,2018-01-19
484,The Bomb,All-4-One,Album None,R&B,280,track_00484,8,False,1,1,4,8500,1994-01-01
485,Forever,Drake,Album 7,Rap / Hip-hop,357,track_00485,1,False,1,1,4,1000,2009-01-01
486,Song To The Siren (Remastered),This Mortal Coil,Album None,Pop,211,track_00486,25,False,1,1,4,25500,1984-01-01
487,My Small Town,Danny Boone,Album None,Rap / Hip-hop,208,track_00487,15,True,2,0,4,15000,2014-06-10
488,Tu Luz,Azul Violeta,Album None,Pop,273,track_00488,25,True,11,1,4,25000,1996-01-01
489,The Format,AZ,Album None,Rap / Hip-hop,183,track_00489,0,False,1,1,4,0,2006-11-07
490,Beast,PURARI,Album None,EDM,171,track_00490,19,False,9,1,4,19000,2019-06-05
491,Tell Me You Love Me - NOTD Remix,Demi Lovato,Album None,EDM,180,track_00491,0,False,9,0,4,0,2017-12-15
492,Kannste ma sehn,Baba Saad,Album None,Rap / Hip-hop,159,track_00492,13,False,9,0,4,13000,2014-01-01
493,Pretending (feat. Jessie Reyez),A Boogie Wit da Hoodie,Album None,R&B,177,track_00493,28,False,9,0,4,29000,2018-06-20
494,Helter Skelter - Remastered 2009,The Beatles,Album None,Rock,269,track_00494,31,False,2,0,4,31000,1968-11-22
495,The Reason (Sean Cook Remix),Urban Rescue,Album None,Pop,181,track_00495,19,True,2,1,4,19000,2017-10-13
496,Simply Irresistible,Robert Palmer,Album None,Rock,255,track_00496,25,False,1,1,4,25000,1988-06-22
497,Red,HyunA,Album None,EDM,199,track_00497,0,False,5,0,4,0,2014-01-01
498,If You Love Me,Brownstone,Album None,R&B,303,track_00498,31,False,3,1,4,31000,1993-06-01
499,Cool Blue,The Japanese House,Album None,Pop,231,track_00499,0,False,1,1,4,0,2015-09-15
500,Already Dead,Hollywood Undead,Album None,Rock,236,track_00500,29,False,7,0,4,29500,2019-10-25
501,Fly Like An Eagle,Steve Miller Band,Album None,Rock,282,track_00501,1,False,9,1,4,1000,1976-01-01
502,Welcome To The Jungle,Guns N' Roses,Album None,Pop,272,track_00502,39,False,1,1,4,39000,1987-01-01
503,Want You Back,Grey,Album None,Pop,176,track_00503,27,False,10,0,4,27000,2019-01-10
504,In Your Head,Mike Vallas,Album None,Pop,171,track_00504,19,False,0,0,4,19500,2019-09-13
505,Tsunami,DVBBS,Album None,EDM,236,track_00505,17,False,10,0,5,17000,2013-09-07
506,Issues/Hold On,Teyana Taylor,Album None,R&B,185,track_00506,33,False,1,1,4,33500,2018-06-23
507,It Ain't Over - SWACQ Remix,Funk Machine,Album None,EDM,160,track_00507,6,False,7,0,4,6500,2019-08-28
508,Intro,The xx,Album None,Pop,127,track_00508,36,False,0,1,4,36000,2009-08-16
509,Flute Beat,Greg Grease,Album None,R&B,200,track_00509,0,False,10,0,4,0,2012-12-11
510,Close To Me (with Diplo) (feat. Swae Lee) - Felix Cartal Remix,Ellie Goulding,Album None,Pop,223,track_00510,4,False,2,1,4,4500,2019-02-01
511,No Me Dejes de Querer,Gloria Estefan,Album None,Pop,208,track_00511,18,False,6,1,3,18000,2000-04-10
512,All I Want for Christmas Is You,Mariah Carey,Album None,R&B,241,track_00512,45,False,0,0,3,45000,1994-11-01
513,Don't Stop The Music,Rihanna,Album None,Pop,267,track_00513,38,False,1,1,4,38000,2008-06-02
514,"I Don't Want to Miss a Thing - From the Touchstone film, ""Armageddon""",Aerosmith,Album None,Rock,299,track_00514,37,False,7,1,4,37000,1998-08-18
515,Do Right,Glades,Album None,Pop,197,track_00515,22,False,6,0,4,22000,2018-11-02
516,Dear Agony,Breaking Benjamin,Album None,Rock,258,track_00516,30,False,11,0,5,30000,2009-01-01
517,Pavement,Veridian,Album None,Rock,213,track_00517,19,False,6,0,4,19000,2019-11-22
518,Simple Hit,Dombresky,Album None,Pop,219,track_00518,27,False,3,0,4,27500,2019-05-03
519,Under the Graveyard,Ozzy Osbourne,Album None,Rock,297,track_00519,35,False,2,0,4,35500,2019-11-08
520,Madness,Muse,Album None,Rock,281,track_00520,35,False,11,0,4,35000,2012-09-24
521,The Violence,Asking Alexandria,Album None,Rock,208,track_00521,33,False,9,0,4,33500,2019-07-11
522,Policy Of Truth - 2006 Remastered Version,Depeche Mode,Album None,Rock,294,track_00522,28,False,2,1,4,28000,1990-03-19
523,Bandito,Enzo Dong,Album None,Rap / Hip-hop,195,track_00523,33,True,8,0,4,33000,2019-10-25
524,Let Her Go,The Kid LAROI,Album None,Rap / Hip-hop,122,track_00524,35,False,7,1,4,35000,2019-12-06
525,Hideaway,Kiesza,Album None,Pop,251,track_00525,28,False,3,0,4,28500,2014-10-21
526,Girl You Know It's True,Milli Vanilli,Album None,R&B,198,track_00526,28,False,2,0,4,29000,2013-07-26
527,VALENTINO,24kGoldn,Album None,Rap / Hip-hop,179,track_00527,42,False,4,1,4,42000,2019-01-25
528,Shoot to Thrill,AC/DC,Album 298,Rock,317,track_00528,34,False,1,0,4,34500,1980-07-25
529,Because Of You,Ne-Yo,Album None,R&B,266,track_00529,3,False,8,1,4,3500,2007-01-01
530,Say Something,Lucas & Steve,Album None,EDM,163,track_00530,23,False,8,1,4,23500,2019-02-15
531,Frontlines,Zeds Dead,Album None,Pop,214,track_00531,28,False,11,0,4,29000,2016-10-14
532,Flying On My Own - Dave Audé Remix,Céline Dion,Album None,EDM,246,track_00532,19,False,11,0,4,19500,2019-06-28
533,Just Like You,Three Days Grace,Album None,Rock,186,track_00533,28,False,5,0,4,28500,2003-04-19
534,Low (feat. T-Pain),Flo Rida,Album None,Pop,231,track_00534,39,False,3,0,4,39500,2008-03-17
535,Repentance,D-Block Europe,Album None,R&B,215,track_00535,27,False,1,1,3,27000,2019-09-27
536,Front Seat,Next Town Down,Album None,R&B,199,track_00536,21,False,11,0,4,21000,2019-09-27
537,Anywhere We Go,Kaptan,Album None,Pop,242,track_00537,0,True,0,0,4,0,2015-06-23
538,DOSIS,Dvicio,Album None,Pop,219,track_00538,36,False,4,0,4,36500,2019-11-01
539,Clubber Lang,Ol Kainry,Album None,R&B,205,track_00539,0,False,2,1,4,0,2016-04-01
540,Into You (feat. Fabolous),Tamia,Album None,R&B,294,track_00540,21,False,9,1,4,21000,2004-04-05
541,No Captain - Dirty South Remix,Lane 8,Album None,EDM,347,track_00541,19,False,5,1,3,19500,2018-09-13
542,Emotions,Mariah Carey,Album None,R&B,248,track_00542,31,False,3,1,4,31500,1991-09-17
543,Beside You,Karyn White,Album None,R&B,299,track_00543,6,False,0,0,4,6500,1991-01-01
544,My Body,Hot Shade,Album None,Pop,161,track_00544,0,False,4,0,4,500,2017-09-29
545,wonderful life (feat. Dani Filth),Bring Me The Horizon,Album None,Rock,274,track_00545,31,False,1,0,4,31000,2019-01-25
546,Pumps and a Bump,MC Hammer,Album None,R&B,305,track_00546,19,False,2,1,3,19000,1994-03-01
547,Outlaw Shit (feat. Waylon Jennings & Yelawolf),Struggle Jennings,Album None,Rap / Hip-hop,261,track_00547,26,False,9,1,4,26000,2013-05-17
548,Something Good,Paul Haig,Album None,Pop,205,track_00548,11,False,1,0,4,11500,1989-01-01
549,How You Love Me (feat. Conor Maynard & Snoop Dogg),Hardwell,Album None,Pop,194,track_00549,30,False,10,0,4,30500,2018-12-07
550,Tainted Love,Soft Cell,Album None,Rock,153,track_00550,37,False,1,0,4,37000,1981-01-01
551,Belly Danza - Remastered 2016,Don Omar,Album 47,Pop,245,track_00551,23,False,5,1,4,23000,2016-11-11
552,Father O'Blivion,Frank Zappa,Album None,Rock,137,track_00552,18,True,7,0,5,18500,1974-03-22
553,drugs,EDEN,Album None,Pop,338,track_00553,0,False,0,1,4,500,2016-08-19
554,Sun Goes Down (feat. Jasmine Thompson) - Radio Mix,Robin Schulz,Album 150,Pop,179,track_00554,25,False,2,0,4,25500,2014-09-19
555,Let Her Go,6LACK,Album None,R&B,177,track_00555,31,True,9,1,4,31000,2018-09-14
556,Tania,Fase,Album None,Pop,247,track_00556,13,False,7,0,4,13500,2002-01-01
557,Hands In The Air,8Ball,Album None,Rap / Hip-hop,252,track_00557,23,False,0,1,3,23500,2003-01-01
558,Jungle,Tash Sultana,Album 275,Pop,315,track_00558,3,True,7,1,4,3500,2016-09-06
559,I Lived - Arty Remix,OneRepublic,Album None,EDM,267,track_00559,0,False,5,1,4,0,2014-09-23
560,Eye of the Tiger,Survivor,Album None,Pop,245,track_00560,24,False,8,0,3,24000,2006-01-01
561,Never Lie (feat. Moneybagg Yo),Wiz Khalifa,Album None,Rap / Hip-hop,213,track_00561,32,False,10,0,4,32000,2019-08-23
562,Lyte as a Rock,MC Lyte,Album None,R&B,260,track_00562,3,False,10,0,4,3000,2007-05-01
563,At Last - Single Version,Etta James,Album None,R&B,182,track_00563,12,False,11,0,4,12500,1960-01-01
564,Crazy Swing,!deladap,Album None,EDM,223,track_00564,12,False,10,0,4,12500,2012-01-01
565,Missing You,Case,Album None,R&B,284,track_00565,26,False,6,0,4,26000,2001-01-01
566,Easy - Remix,Jhay Cortez,Album None,Pop,220,track_00566,40,False,8,0,3,40500,2019-11-19
567,Destination - Michael Mind Remix Edit,Darius & Finlay,Album None,EDM,194,track_00567,16,False,6,1,4,16500,2010-03-01
568,bossa uh,potsu,Album None,Pop,210,track_00568,25,False,11,0,4,25000,2019-02-23
569,Dynamite,China Anne McClain,Album None,Pop,162,track_00569,17,False,11,0,4,17500,2012-01-01
570,Thinking Of Sunshine - Kretsen Remix,Daniel Adams-Ray,Album None,EDM,172,track_00570,0,False,7,0,4,500,2015-09-30
571,Everybody Is In The Place - Radio Edit,Hardwell,Album None,EDM,171,track_00571,14,False,8,1,4,14000,2014-04-18
572,Bring Me To Life,Evanescence,Album None,Rock,235,track_00572,39,False,11,1,5,39000,2003-01-01
573,Love,The Globetroddas,Album None,R&B,272,track_00573,0,True,7,1,4,0,2013-03-01
574,Kiss Me,Robert Falcon,Album None,Pop,172,track_00574,20,False,5,1,4,20500,2018-05-25
575,Favorite Part Of Me,Astrid S,Album None,Pop,198,track_00575,35,False,6,1,4,35000,2019-09-26
576,Besos Mojados,Wisin & Yandel,Album None,Pop,264,track_00576,29,False,7,1,4,29500,2009-01-01
577,Chartreuse,Capital Cities,Album None,Pop,218,track_00577,22,False,8,1,4,22500,2013-01-01
578,Too Many,Tyga,Album None,Rap / Hip-hop,145,track_00578,32,False,3,0,4,32000,2019-06-07
579,Mi Medicina,CNCO,Album None,Pop,215,track_00579,30,True,11,1,4,30000,2018-04-06
580,Microphone Fiend,Eric B. & Rakim,Album None,Rap / Hip-hop,314,track_00580,23,False,9,1,4,23500,1988-01-01
581,TRUE - Single Edit,Spandau Ballet,Album None,Pop,328,track_00581,36,False,9,1,4,36000,2008-04-25
582,Somethin' 4 Da Honeyz,Montell Jordan,Album None,R&B,275,track_00582,0,False,9,1,4,0,1995-04-04
583,Let's Do It,11 Acorn Lane,Album None,EDM,187,track_00583,20,True,4,1,4,20000,2018-03-05
584,The Nights,Avicii,Album None,Pop,176,track_00584,40,False,9,0,4,40000,2014-01-01
585,Disco Inferno - Live from Sessions @ AOL,50 Cent,Album None,Rap / Hip-hop,189,track_00585,0,False,6,0,4,0,2005-01-01
586,Two Princes,Spin Doctors,Album None,Rock,256,track_00586,31,False,8,1,4,31500,1991-01-01
587,Playground,More Giraffes,Album None,Pop,185,track_00587,23,True,1,1,4,23000,2019-06-12
588,Love Myself,Hailee Steinfeld,Album None,Pop,218,track_00588,0,False,2,1,4,0,2016-07-15
589,Dive In,kwassa,Album None,Pop,200,track_00589,22,False,8,1,4,22500,2017-03-10
590,"Go Hard, Go Home (feat. Giz, Swellz & Choppa)",Roy Jones Jr.,Album None,Rock,325,track_00590,28,True,2,1,4,28500,2004-10-26
591,Medisin,SIXN,Album None,Rock,135,track_00591,23,True,7,1,4,23000,2019-07-18
592,Love Me Like You Do,Ellie Goulding,Album None,Pop,253,track_00592,32,False,6,0,4,32000,2018-02-09
593,Gimme de Tu Amor,Soraya,Album None,Pop,190,track_00593,21,False,10,1,4,21500,2019-12-27
594,One Day,UGK,Album None,Rap / Hip-hop,323,track_00594,18,False,4,1,4,18500,2003-06-12
595,1950,King Princess,Album None,Pop,225,track_00595,39,False,11,0,4,39500,2018-02-23
596,Just A Girl - Acoustic Live - German Radio,No Doubt,Album None,Pop,217,track_00596,2,False,9,1,4,2500,2002-01-01
597,Akwaba,MZ,Album None,R&B,260,track_00597,16,True,0,1,4,16000,2016-04-22
598,different,Jaydon Lewis,Album None,Rap / Hip-hop,157,track_00598,19,False,9,1,4,19500,2020-01-09
599,Into the Sea,Wave Wave,Album None,Pop,186,track_00599,28,False,8,1,5,28000,2019-05-31
600,Monsters in Your Bedroom,Tertia May,Album None,R&B,164,track_00600,1,False,5,1,4,1500,2018-04-20
601,Flames (feat. Ruel),SG Lewis,Album None,EDM,216,track_00601,4,False,9,1,4,4000,2019-05-10
602,Feel Good Inc.,Gorillaz,Album None,Rock,222,track_00602,40,False,1,0,4,40000,2005-05-23
603,Eastside (with Halsey & Khalid),benny blanco,Album None,Pop,173,track_00603,42,False,8,0,4,42000,2018-07-12
604,It's Been Awhile,Staind,Album None,Rock,264,track_00604,27,False,9,0,4,27000,2006-11-13
605,Yuck,Logic,Album None,Rap / Hip-hop,173,track_00605,28,False,6,1,4,29000,2018-03-09
606,"Hey, Ma",Bon Iver,Album None,R&B,216,track_00606,34,False,11,1,5,34000,2019-08-09
607,Have Yourself a Merry Little Christmas,Pentatonix,Album None,R&B,202,track_00607,28,False,2,0,4,29000,2015-10-30
608,Flatline,Blanke,Album None,Rap / Hip-hop,225,track_00608,26,False,7,1,4,26500,2019-12-06
609,Like This,Throttle,Album None,EDM,154,track_00609,25,False,7,1,4,25500,2018-12-21
610,Stay (with Alessia Cara),Zedd,Album None,Pop,210,track_00610,8,False,11,0,4,8500,2017-02-23
611,Bennie And The Jets - Remastered 2014,Elton John,Album None,Rock,322,track_00611,33,False,4,1,4,33000,1973-10-05
612,Bump n' Grind,R. Kelly,Album None,R&B,256,track_00612,30,False,8,1,4,30500,1993-11-07
613,777 (feat. Ferras),KDL,Album None,EDM,186,track_00613,16,True,6,1,4,16500,2019-08-09
614,Catherine Of Aragon,Rick Wakeman,Album None,Rock,229,track_00614,1,False,2,1,4,1000,1973-01-23
615,Mona Lisa (feat. Kendrick Lamar),Lil Wayne,Album None,R&B,324,track_00615,35,False,3,1,4,35500,2018-09-28
616,Saturday Night Special,Lynyrd Skynyrd,Album None,Rock,309,track_00616,0,False,6,1,4,0,2008-01-01
617,The Party & The After Party,The Weeknd,Album None,R&B,459,track_00617,30,True,7,0,4,30000,2012-01-01
618,Virtual Insanity - Remastered,Jamiroquai,Album None,Pop,228,track_00618,6,False,5,1,4,6500,2006-11-06
619,SOS,McClenney,Album None,R&B,187,track_00619,24,False,7,0,4,24500,2019-02-19
620,Everlasting Love,Gloria Estefan,Album None,Pop,240,track_00620,18,False,2,1,4,18000,1984-01-01
621,Out In The Fields,Gary Moore,Album None,Rock,257,track_00621,26,True,11,0,4,26000,1985-01-01
622,California Love - Original Version (Explicit),2Pac,Album None,Rap / Hip-hop,284,track_00622,2,True,1,1,4,2000,1998-11-24
623,Young Lust - Live,Roger Waters,Album None,Rock,242,track_00623,18,False,3,1,4,18500,2015-11-20
624,Not That Type,gugudan,Album None,Pop,191,track_00624,27,False,1,1,4,27000,2018-11-06
625,Only Human,Jonas Brothers,Album None,Pop,183,track_00625,43,False,4,0,4,43000,2019-06-07
626,Amor De Pobre,Zion,Album None,Pop,238,track_00626,0,False,1,1,4,0,2007-06-05
627,Ann Wants to Dance,Papooz,Album None,Rock,210,track_00627,27,False,8,0,4,27000,2016-06-03
628,One More Time,Daft Punk,Album None,Pop,320,track_00628,37,False,8,1,4,37000,2001-03-07
629,Blaze It up (feat. Sparkz),The Mouse Outfit,Album None,R&B,189,track_00629,23,False,4,1,4,23000,2013-05-20
630,Abriré La Puerta,David Bisbal,Album None,Pop,216,track_00630,31,True,9,0,4,31000,2019-08-29
631,Back In Your Heart,Junior J,Album None,Pop,172,track_00631,27,False,3,0,4,27500,2018-08-10
632,Who - Radio Edit,Tujamo,Album None,EDM,190,track_00632,20,False,1,0,4,20500,2012-06-15
633,You Know My Name,Tasha Cobbs Leonard,Album None,R&B,480,track_00633,26,False,8,0,4,26500,2017-08-25
634,Dark. Black. Heart.,Austin P. McKenzie,Album None,Pop,256,track_00634,15,False,8,1,4,15500,2019-12-13
635,Stupéfiant,Rim'K,Album None,R&B,236,track_00635,0,False,10,0,4,0,2016-01-15
636,Who Can It Be Now?,Men At Work,Album None,Rock,200,track_00636,31,False,10,0,4,31500,1981-01-01
637,September Song,JP Cooper,Album None,Pop,220,track_00637,7,False,10,1,4,7000,2016-09-16
638,Can't Take It From Me,Major Lazer,Album None,Pop,175,track_00638,27,False,11,1,4,27500,2019-05-10
639,Mz. Hyde,Halestorm,Album None,Rock,202,track_00639,24,False,7,1,4,24500,2012-04-03
640,Ill Street Blues (Illest Version),Kool G Rap & DJ Polo,Album None,Rap / Hip-hop,229,track_00640,14,False,8,0,4,14500,1992-01-01
641,Triple Helix,KILLY,Album None,Rap / Hip-hop,142,track_00641,31,False,3,1,4,31500,2019-11-01
642,Go to Sleep - John De Sohn Remix,John De Sohn,Album None,EDM,261,track_00642,13,False,0,0,4,13500,2018-06-15
643,Get Your Way (feat. Roses Gabor),Brasstracks,Album None,R&B,191,track_00643,14,False,3,0,4,14000,2016-08-19
644,Good Cop Bad Cop,Ice Cube,Album None,Rap / Hip-hop,207,track_00644,0,False,0,1,3,0,2017-06-09
645,Give It Here,Def Jef,Album None,R&B,247,track_00645,5,False,9,1,4,5000,2012-01-01
646,Parecen Viernes,Marc Anthony,Album None,Pop,268,track_00646,35,False,9,0,4,35500,2019-05-10
647,Je m'en vais,Cali,Album None,Rock,233,track_00647,15,False,2,1,4,15000,2005-09-30
648,Sympathy For The Devil,The Rolling Stones,Album None,Rock,377,track_00648,1,False,10,1,4,1500,1968-12-06
649,Experiencia Religiosa,Enrique Iglesias,Album None,Pop,329,track_00649,3,False,7,1,4,3000,1995-01-01
650,Encoded - Radio Edit,Hardwell,Album None,EDM,131,track_00650,10,False,0,0,4,10000,2011-05-02
651,Me & You,EXID,Album None,Pop,203,track_00651,30,True,10,1,4,30500,2019-05-15
652,The Weight,Mavrick,Album None,Pop,232,track_00652,0,False,3,1,3,0,2016-08-31
653,Intoxicated - Original Mix,Martin Solveig,Album None,Pop,257,track_00653,17,False,6,0,4,17000,2015-02-24
654,Call Me,Deee-Lite,Album None,Pop,230,track_00654,16,False,2,0,4,16500,1994-01-01
655,Carry On - Acoustic,Young Rising Sons,Album None,Pop,207,track_00655,25,False,9,0,4,25500,2017-03-03
656,Disrespectful,GASHI,Album None,Rap / Hip-hop,202,track_00656,1,False,10,1,4,1000,2017-03-01
657,Ghost,Motorama,Album None,Rock,224,track_00657,23,False,0,1,4,23000,2013-01-01
658,Like A Pimp,David Banner,Album None,Rap / Hip-hop,254,track_00658,27,True,8,1,4,27500,2003-05-20
659,Dvd,Mlodyskiny,Album None,Rap / Hip-hop,147,track_00659,27,False,7,1,4,27500,2018-07-29
660,Glad You Came,The Wanted,Album None,Pop,198,track_00660,23,True,0,0,4,23500,2012-01-01
661,Cruel,Jeff Bernat,Album None,R&B,224,track_00661,30,False,3,0,4,30000,2019-02-14
662,Home,Teitur,Album None,R&B,201,track_00662,13,False,0,1,4,13500,2012-09-03
663,St. Nazaire,Pixies,Album None,Rock,147,track_00663,17,False,11,0,3,17500,2019-09-12
664,Black betty,Ram Jam,Album None,Rock,236,track_00664,1,False,3,0,4,1000,2008-07-07
665,Si Me Gano Un Grammy,Jon Z,Album None,Rap / Hip-hop,146,track_00665,36,True,9,0,4,36500,2019-11-16
666,Red Right Hand - From 'Peaky Blinders' Original Soundtrack,PJ Harvey,Album None,Rock,170,track_00666,25,False,9,0,3,25000,2019-10-23
667,Playground,Another Bad Creation,Album None,R&B,249,track_00667,17,False,7,1,4,17500,1991-01-01
668,"Made In France (with Tchami & Malaa, feat. Mercer)",DJ Snake,Album None,EDM,251,track_00668,31,False,0,1,4,31000,2019-07-25
669,Moments,Klangkarussell,Album None,Pop,302,track_00669,20,True,4,1,4,20000,2014-07-28
670,Touch'N You,Rick Ross,Album None,Rap / Hip-hop,252,track_00670,0,False,8,0,4,0,2012-01-01
671,APESHIT,The Carters,Album None,R&B,264,track_00671,33,False,4,1,4,33000,2018-06-16
672,Too Good,Christian Kuria,Album None,R&B,277,track_00672,22,False,4,0,3,22500,2018-12-28
673,rockstar (feat. 21 Savage),Post Malone,Album None,Rap / Hip-hop,218,track_00673,44,False,11,1,4,44000,2018-04-27
674,Molly,Ixzo,Album None,R&B,202,track_00674,0,True,7,1,4,0,2016-01-22
675,Love No More,Loud Luxury,Album None,Pop,168,track_00675,34,False,7,1,4,34500,2018-08-31
676,Start A Riot - Thundatraxx Remix,BANNERS,Album None,Pop,188,track_00676,3,False,10,0,4,3000,2016-07-22
677,De Repente,Soraya,Album None,Pop,247,track_00677,27,False,2,0,4,27000,2003-01-01
678,Owner Of A Lonely Heart,Yes,Album None,Rock,266,track_00678,3,False,7,1,4,3500,1983-06-01
679,Saftige Schluhas,Olexesh,Album None,Rap / Hip-hop,312,track_00679,3,True,11,0,4,3000,2016-12-01
680,Where Did My Baby Go,John Legend,Album None,R&B,303,track_00680,18,True,1,0,4,18500,2006-10-24
681,Harsh Generation,Grendel,Album None,Pop,234,track_00681,0,False,3,1,5,0,2007-12-03
682,Xxplosive,Dr. Dre,Album None,Rap / Hip-hop,215,track_00682,32,False,3,1,4,32000,1999-11-16
683,Just A Lover - Pomo Remix,Hayden James,Album None,R&B,238,track_00683,14,False,8,1,4,14000,2016-08-19
684,Kingston,Faye Webster,Album None,R&B,202,track_00684,29,False,1,0,4,29500,2019-05-24
685,Jamais Vu,BTS,Album None,EDM,227,track_00685,35,False,4,0,4,35500,2019-04-12
686,Walk on the Wild Side,Lou Reed,Album None,Rock,253,track_00686,8,True,2,1,5,8500,1972-12-01
687,Sneak Diss (feat. So6ix),Ghostemane,Album None,Rap / Hip-hop,187,track_00687,15,False,3,0,4,15500,2015-06-10
688,Lemme Freak,Lil Dicky,Album None,Rap / Hip-hop,285,track_00688,31,False,10,0,4,31500,2015-07-31
689,No Problem,Lil Scrappy,Album None,Rap / Hip-hop,214,track_00689,27,False,10,1,4,27000,2009-08-21
690,Song 32,Noname,Album None,Rap / Hip-hop,162,track_00690,3,False,7,1,4,3500,2019-04-05
691,"Sit Still, Look Pretty",Daya,Album None,Pop,202,track_00691,35,False,5,1,3,35000,2016-10-07
692,Everyday Is Like Sunday - 2011 Remaster,Morrissey,Album None,Rock,215,track_00692,30,False,3,0,4,30000,1988-01-01
693,What I Please (feat. Denzel Curry),Smokepurpp,Album None,Rap / Hip-hop,140,track_00693,37,False,5,1,4,37000,2019-12-11
694,Burn - Radio Edit,KSHMR,Album None,EDM,174,track_00694,0,False,6,1,4,0,2014-10-06
695,Mrs. Officer,Lil Wayne,Album None,Rap / Hip-hop,286,track_00695,34,False,2,1,4,34500,2008-01-01
696,Civil War,Guns N' Roses,Album None,Rock,462,track_00696,3,False,2,0,4,3000,1991-01-01
697,Back In Time - Asjockers Remix,Siks,Album None,EDM,203,track_00697,5,False,6,1,4,5500,2019-07-05
698,Paradise,Matthew Parker,Album None,Pop,227,track_00698,16,False,3,0,4,16000,2018-10-26
699,I Made It (feat. Trick Trick),D12,Album None,Rap / Hip-hop,321,track_00699,19,False,7,1,4,19000,2011-04-04
700,Toxic,Yael Naim,Album None,R&B,267,track_00700,2,False,6,1,4,2000,2007-10-22
701,Be As You Are - JordanXL Remix,Mike Posner,Album None,EDM,203,track_00701,0,False,6,1,4,0,2015-12-18
702,Your Silent Face - 2015 Remaster,New Order,Album None,Rock,359,track_00702,27,False,1,1,4,27000,1983-05-02
703,Almost Mine - Radio Edit,Wankelmut,Album None,Pop,200,track_00703,23,False,3,0,4,23500,2017-04-21
704,Sexy Movimiento,Wisin & Yandel,Album None,Pop,209,track_00704,22,False,11,1,4,22000,2007-01-01
705,Hey Ya,Obadiah Parker,Album None,R&B,267,track_00705,1,False,3,1,4,1500,2007-01-01
706,Habits of My Heart - EP Version,Jaymes Young,Album None,Pop,210,track_00706,33,False,4,0,4,33000,2014-09-28
707,TOGETHER,KAYTRANADA,Album None,R&B,197,track_00707,28,False,7,1,3,29000,2016-05-06
708,Criminal,Neo Pistea,Album None,Rap / Hip-hop,220,track_00708,32,False,10,1,4,32500,2019-10-03
709,New York,Jake Isaac,Album None,Pop,201,track_00709,24,False,9,1,4,24000,2020-01-10
710,GANG,Rain,Album None,EDM,188,track_00710,17,False,2,0,4,17000,2017-12-01
711,I'm Not Alright,Loud Luxury,Album None,Pop,185,track_00711,23,False,3,1,4,23000,2019-07-12
712,Rocanrol Bumerang - Live,Miguel Rios,Album None,Rock,176,track_00712,0,False,1,0,5,0,2005-01-01
713,Know Love - OTR Remix,RKCB,Album None,Pop,192,track_00713,24,False,0,1,4,24000,2019-04-18
714,Love Is Gone - Original Extended,David Guetta,Album None,EDM,405,track_00714,6,False,10,1,4,6000,2007-05-18
715,Need You,Faustix,Album None,Pop,182,track_00715,31,False,5,0,4,31000,2019-07-26
716,Hollaback Girl,Gwen Stefani,Album None,Pop,199,track_00716,34,False,8,0,4,34500,2004-11-22
717,Fallin' (feat. Twan Ray),Lulleaux,Album None,EDM,133,track_00717,24,False,0,0,4,24000,2019-01-10
718,Be Somebody,Kings of Leon,Album None,Rock,227,track_00718,26,False,3,1,4,26000,2008-09-23
719,The First One,Astrid S,Album None,Pop,188,track_00719,33,False,11,0,4,33500,2019-05-24
720,Save Me,Aimee Mann,Album None,Rock,274,track_00720,28,False,1,0,4,28000,1999-12-07
721,Bella y Sensual,Romeo Santos,Album None,Pop,204,track_00721,36,False,2,0,4,36500,2017-07-21
722,El Rito - Remasterizado 2007,Soda Stereo,Album None,Rock,424,track_00722,23,False,9,1,4,23000,1997-10-09
723,Domino - 1999 Remaster,Van Morrison,Album None,Rock,189,track_00723,28,False,7,1,4,29000,1970-11-15
724,Toumast Tincha,Tinariwen,Album None,Rock,260,track_00724,23,True,11,0,4,23000,2014-02-10
725,Todos Ven,Alex Rose,Album None,Pop,193,track_00725,32,False,1,0,4,32000,2019-10-25
726,Kaleidoscope Love - Kaytranada Edition,AlunaGeorge,Album None,R&B,348,track_00726,25,False,11,1,4,25500,2014-06-09
727,Losing You,Solange,Album None,R&B,260,track_00727,13,False,2,1,4,13500,2012-01-01
728,It Ain't My Fault,Silkk The Shocker,Album None,Rap / Hip-hop,198,track_00728,20,False,6,1,4,20000,1998-01-01
729,I'm Coming Out,Diana Ross,Album None,R&B,325,track_00729,33,False,2,0,4,33000,1980-05-22
730,Freek'n You,Jodeci,Album None,R&B,379,track_00730,0,False,8,1,4,500,1995-07-18
731,Reminisce,Mary J. Blige,Album None,R&B,323,track_00731,23,True,1,0,3,23000,1992-01-01
732,Foggy Windows,Zacari,Album None,R&B,252,track_00732,22,False,5,1,4,22500,2015-07-23
733,When Doves Cry,Ginuwine,Album None,R&B,308,track_00733,20,False,6,1,5,20000,1996-10-08
734,Ladz in the Hood,ONEFOUR,Album None,Rap / Hip-hop,198,track_00734,32,False,9,1,4,32000,2019-08-28
735,Pony - Recorded at Spotify Studios NYC,Leon Bridges,Album None,R&B,256,track_00735,28,False,10,0,4,28000,2018-07-25
736,Still Got Me (feat. Jocelyn Bowman),GAWVI,Album None,EDM,230,track_00736,0,False,7,0,4,0,2016-09-09
737,I Smell Pussy,G-Unit,Album None,Rap / Hip-hop,238,track_00737,0,False,11,1,4,500,2003-01-01
738,Rendezvous,DEAMN,Album None,EDM,191,track_00738,17,False,4,0,4,17000,2017-10-11
739,Iggin' Me,Chico DeBarge,Album None,R&B,303,track_00739,0,False,4,0,4,0,1997-11-18
740,Leave Me Alone - 2015 Remaster,New Order,Album None,Rock,281,track_00740,25,True,6,1,4,25500,1983-05-02
741,Just My Imagination,The Cranberries,Album None,Rock,221,track_00741,30,False,6,1,4,30000,1999-04-19
742,Let's Dance - 1999 Remaster,David Bowie,Album None,Rock,457,track_00742,16,False,1,1,4,16000,1983-04-14
743,Win,Stefflon Don,Album None,Pop,203,track_00743,16,False,3,0,4,16000,2018-08-17
744,Pjanoo - Radio Edit,Eric Prydz,Album None,EDM,157,track_00744,32,False,1,1,4,32500,2008-08-29
745,One More Night,Michael Kiwanuka,Album None,R&B,233,track_00745,30,False,9,1,4,30500,2016-07-15
746,Dawn Chorus,Thom Yorke,Album None,Rock,323,track_00746,27,False,7,1,4,27500,2019-06-26
747,Toulouse - Original Mix,Nicky Romero,Album None,EDM,365,track_00747,17,False,1,0,4,17500,2012-02-24
748,I'm Sprung,T-Pain,Album None,Rap / Hip-hop,230,track_00748,33,False,5,1,4,33500,2005-01-01
749,Sharp Dressed Man,ZZ Top,Album None,Rock,251,track_00749,26,False,10,0,4,26500,1992-04-13
750,Regulate,Warren G,Album None,Rap / Hip-hop,250,track_00750,0,False,7,0,4,0,1994-06-07
751,The Diary of Jane - Single Version,Breaking Benjamin,Album None,Rock,200,track_00751,34,False,4,1,4,34000,2006-01-01
752,Scrub The Ground (feat. DJ Funk),Chocolate Puma,Album None,EDM,168,track_00752,28,False,5,0,4,29000,2015-10-16
753,Daylight (Airbeat One Anthem 2018),Fluex,Album None,Pop,191,track_00753,25,False,6,1,5,25000,2018-06-22
754,Rock Bottom,grandson,Album None,Pop,219,track_00754,30,True,2,1,4,30500,2019-08-16
755,Ruin My Life - Steve James Remix,Zara Larsson,Album None,Pop,177,track_00755,28,False,0,1,4,29000,2018-11-23
756,Wow. - Remix,Post Malone,Album None,Rap / Hip-hop,170,track_00756,36,False,9,1,4,36000,2019-03-15
757,Love Song (feat. Glasses),Kazy Lambist,Album None,Rock,170,track_00757,27,False,10,1,4,27500,2018-06-08
758,Enough to Believe,Bob Moses,Album None,Pop,279,track_00758,27,True,5,0,4,27000,2018-09-14
759,Quiere Beber,Anuel AA,Album None,Pop,187,track_00759,37,False,9,0,4,37000,2018-07-17
760,A Sky Full of Stars,Coldplay,Album None,Pop,268,track_00760,39,False,5,0,4,39000,2014-05-19
761,Always,Killswitch Engage,Album None,Rock,273,track_00761,24,False,10,0,4,24000,2013-03-29
762,Psychic Driving,Soft Metals,Album None,Pop,277,track_00762,8,False,0,0,4,8500,2011-01-01
763,Pipes Of Peace - Remastered 2015,Paul McCartney,Album None,Rock,235,track_00763,1,False,3,0,4,1000,1983-10-28
764,Shape of You,Ed Sheeran,Album None,Pop,233,track_00764,37,False,11,0,4,37500,2017-01-06
765,Go Your Own Way,Fleetwood Mac,Album 256,Rock,218,track_00765,13,False,0,1,4,13000,1977-02-04
766,Wake Up - Sondr Remix,Chelsea Cutler,Album None,Pop,186,track_00766,11,False,9,1,4,11500,2016-10-07
767,Safe Dream,Tep No,Album None,Pop,189,track_00767,19,False,1,1,4,19500,2015-09-02
768,Lavender,Marillion,Album None,Rock,224,track_00768,25,False,4,0,4,25500,1992-06-08
769,Run Up (feat. PARTYNEXTDOOR & Nicki Minaj),Major Lazer,Album None,Pop,203,track_00769,3,False,1,1,4,3500,2017-01-26
770,Bring It Down,Dyro,Album None,EDM,184,track_00770,16,False,11,1,4,16000,2018-06-01
771,More Than A Woman (feat. Calvin) - Duet w/ Calvin,Angie Stone,Album None,R&B,293,track_00771,22,True,11,1,4,22500,2001-10-16
772,Post to Be (feat. Chris Brown & Jhene Aiko),Omarion,Album None,Rap / Hip-hop,226,track_00772,35,False,5,0,4,35000,2014-12-02
773,Creo en Ti,Reik,Album None,Pop,163,track_00773,34,False,1,0,4,34000,2012-06-22
774,Break the Rules - Tiësto Remix,Charli XCX,Album None,EDM,265,track_00774,13,False,9,1,4,13000,2014-10-10
775,Schmeckt (feat. LX),Hemso,Album None,Rap / Hip-hop,178,track_00775,34,False,0,0,4,34000,2019-12-27
776,Teenage Fantasy,Jorja Smith,Album None,Pop,226,track_00776,32,False,3,1,4,32500,2018-06-08
777,Fade All My Life,Unlike Pluto,Album None,EDM,175,track_00777,20,False,1,1,4,20000,2018-01-26
778,My Prerogative,Bobby Brown,Album 293,R&B,288,track_00778,23,False,0,1,4,23500,1988-06-20
779,Don't Trip,The Game,Album None,Rap / Hip-hop,299,track_00779,17,False,9,1,4,17500,2015-10-09
780,God's Gonna Cut You Down,Marilyn Manson,Album None,Rock,160,track_00780,33,False,4,1,4,33500,2019-10-18
781,Love's Gonna Get You - Ron Rockwell Remix,Michael Mind,Album None,EDM,355,track_00781,0,True,11,1,4,0,2009-06-01
782,L'amour Toujours (Small Mix),Gigi D'Agostino,Album None,Pop,242,track_00782,34,False,0,0,4,34500,2014-05-30
783,Keep It Real,Jon B.,Album None,R&B,281,track_00783,14,False,2,1,4,14000,2015-07-17
784,Heaven,Platon Emil,Album None,Pop,198,track_00784,0,False,0,1,4,0,2015-10-13
785,IDGAF - Hazers Remix,Dua Lipa,Album None,Pop,240,track_00785,25,False,0,0,4,25000,2018-02-23
786,Holidae In,Chingy,Album None,R&B,314,track_00786,30,False,1,0,4,30500,2003-01-01
787,Plastic Machinery,The Charlatans,Album None,Rock,223,track_00787,16,True,5,1,5,16000,2017-05-26
788,Te regalo,Carlos Baute,Album None,Pop,169,track_00788,30,False,11,1,5,30000,2005-06-07
789,La Grange - 1999 Remaster,ZZ Top,Album None,Rock,232,track_00789,27,False,10,1,4,27500,2004-06-08
790,Always in My Head,Coldplay,Album None,Rock,216,track_00790,32,False,3,1,5,32500,2014-05-19
791,"Ease My Mind - Feat. Tre Hardson, Fat Lip & Omni",Jazz Liberatorz,Album None,R&B,328,track_00791,23,False,0,0,4,23000,2008-01-21
792,Anywhere,Dillon Francis,Album None,Pop,177,track_00792,26,False,3,1,4,26000,2016-09-16
793,Violent Shiver,Benjamin Booker,Album None,Rock,166,track_00793,20,False,11,1,4,20000,2014-08-18
794,BFAM - Original Mix,Julian Jordan,Album None,EDM,318,track_00794,0,False,10,0,4,0,2012-11-12
795,Stone Free,Jimi Hendrix,Album None,Rock,215,track_00795,0,False,5,0,4,0,2000-03-27
796,Easy Go,Grandtheft,Album None,EDM,190,track_00796,23,False,5,0,4,23500,2016-11-04
797,Kush Ups (feat. Wiz Khalifa),Snoop Dogg,Album None,Rap / Hip-hop,237,track_00797,21,False,0,0,4,21000,2016-07-01
798,As Above so Look out Below,Ghostemane,Album None,Rap / Hip-hop,149,track_00798,24,False,5,0,4,24500,2016-07-03
799,Two Miles An Hour,Ludacris,Album None,Rap / Hip-hop,285,track_00799,15,False,3,1,3,15000,2004-01-01
800,Cha Cha Cha,MC Lyte,Album None,R&B,180,track_00800,9,True,10,1,4,9500,2007-04-24
801,BOBBY (feat. My Dad),Logic,Album None,Rap / Hip-hop,167,track_00801,3,False,10,0,4,3000,2019-05-10
802,143,Musiq Soulchild,Album None,R&B,297,track_00802,16,False,9,1,4,16500,2000-01-01
803,True Love,Coldplay,Album None,Rock,246,track_00803,28,True,10,0,4,29000,2014-05-19
804,Down On My Luck,Vic Mensa,Album None,R&B,209,track_00804,23,False,4,0,4,23000,2015-02-13
805,Mall,Gucci Mane,Album None,Rap / Hip-hop,167,track_00805,21,True,5,0,4,21500,2017-12-22
806,Somthing's Missing,The Internet,Album None,R&B,379,track_00806,23,False,3,0,4,23000,2015-06-26
807,Double Vision,Foreigner,Album None,Rock,224,track_00807,26,False,8,1,4,26000,1978-01-01
808,No Other Love (feat. Estelle),John Legend,Album None,R&B,239,track_00808,23,False,2,0,4,23000,2008-10-27
809,buckle up,Idaly,Album None,Pop,158,track_00809,20,False,1,0,4,20500,2019-04-26
810,Viviré (feat. Evan Craft),Redimi2,Album None,Pop,238,track_00810,27,False,3,1,4,27000,2017-04-11
811,Somebody,The Chainsmokers,Album None,R&B,221,track_00811,34,True,6,1,4,34500,2018-12-14
812,Crossroads,Adam Calhoun,Album None,Rap / Hip-hop,156,track_00812,0,False,8,1,4,0,2018-03-13
813,Travelin' Man,Albert King,Album None,Rock,173,track_00813,0,False,11,0,4,500,2017-05-19
814,Dynamite,Scorpions,Album None,Rock,254,track_00814,1,False,2,0,5,1000,1982-04-10
815,We Built This City,Starship,Album None,Rock,363,track_00815,0,False,9,1,4,500,2008-09-01
816,It's Strange (feat. K.Flay),Louis The Child,Album None,Pop,245,track_00816,1,False,9,1,4,1000,2015-09-09
817,I Got The Feeling,Today,Album None,R&B,226,track_00817,6,True,4,1,4,6000,1998-06-17
818,"Hold On, We're Going Home",Drake,Album None,Rap / Hip-hop,227,track_00818,0,False,4,0,4,500,2013-08-06
819,King Tulip,$uicideBoy$,Album None,Rap / Hip-hop,185,track_00819,31,False,4,0,4,31000,2018-09-07
820,VIBEZ,DaBaby,Album None,Rap / Hip-hop,144,track_00820,44,False,1,0,4,44000,2019-09-27
821,ZEZE,Kodak Black,Album None,Pop,228,track_00821,41,False,9,1,4,41500,2018-12-14
822,Turnin' Me Up,BJ The Chicago Kid,Album None,R&B,269,track_00822,6,False,10,0,4,6000,2016-02-19
823,Supertwister,Camel,Album None,Rock,198,track_00823,19,False,8,0,4,19000,2002-01-01
824,R U Mine (SteLouse Remix),ROZES,Album None,Pop,231,track_00824,19,False,0,1,4,19500,2015-08-24
825,Want Beef?,YSN Flow,Album None,Rap / Hip-hop,155,track_00825,33,False,1,0,4,33500,2019-04-20
826,Blades,FARR,Album None,R&B,214,track_00826,19,False,10,1,4,19500,2017-05-12
827,Middle,DJ Snake,Album None,Pop,220,track_00827,38,False,4,0,4,38000,2016-08-05
828,Sharpness,Jamie Woon,Album None,R&B,207,track_00828,0,False,5,0,4,0,2015-08-11
829,Someone New,Astrid S,Album None,Pop,176,track_00829,30,True,7,0,4,30000,2019-02-01
830,Victory,Fire From The Gods,Album None,Rock,206,track_00830,25,False,8,1,4,25500,2019-11-01
831,The Temple Of The King,Rainbow,Album None,Rock,282,track_00831,29,True,3,0,4,29500,1975-01-01
832,Aloha,Carlos Sadness,Album None,Pop,187,track_00832,29,False,11,1,4,29500,2019-11-22
833,No Money,Galantis,Album None,Pop,189,track_00833,36,False,6,1,4,36000,2016-04-01
834,Our Nation - Corey James Remix,Dada Life,Album None,EDM,247,track_00834,5,False,1,1,4,5000,2019-02-08
835,Under and Over It,Five Finger Death Punch,Album None,Rock,230,track_00835,0,False,6,1,4,0,2011-01-01
836,I'll Whip Ya Head Boy,50 Cent,Album None,Rap / Hip-hop,235,track_00836,0,False,9,0,4,0,2005-01-01
837,Crime Wave,50 Cent,Album None,Rap / Hip-hop,224,track_00837,0,False,2,0,4,0,2009-01-01
838,Reload - Radio Edit,Sebastian Ingrosso,Album None,EDM,221,track_00838,28,False,3,0,3,28500,2013-01-01
839,Oh My Love - Remastered 2010,John Lennon,Album None,Rock,168,track_00839,26,False,8,1,4,26500,1971-09-09
840,You Might As Well Be In Space,The Years Gone By,Album None,Pop,193,track_00840,0,False,10,1,4,0,2008-09-02
841,I Was Sad Last Night I'm OK Now,tobi lou,Album None,Rap / Hip-hop,190,track_00841,30,False,5,0,4,30000,2019-08-02
842,Linger,The Cranberries,Album None,Rock,274,track_00842,37,True,9,0,4,37500,1993-03-01
843,Dancing With A Stranger (With Normani) - Cheat Codes Remix,Sam Smith,Album None,Pop,159,track_00843,34,False,2,0,4,34500,2019-03-08
844,Diamonds,Echosmith,Album None,Pop,202,track_00844,28,False,10,0,4,28000,2020-01-10
845,I Surrender,Rainbow,Album None,Rock,241,track_00845,2,False,0,1,4,2000,1981-01-01
846,Te Suelto el Pelo,Yandel,Album None,Pop,136,track_00846,27,False,7,1,4,27500,2003-01-01
847,AMOR,Jonna Fraser,Album None,Pop,183,track_00847,23,False,0,0,4,23500,2018-11-02
848,Heaven,Bryan Adams,Album None,Rock,243,track_00848,7,False,2,1,4,7000,1984-11-01
849,Simple (STVW Remix),FANNYPACK,Album None,Pop,147,track_00849,19,False,2,1,4,19500,2019-04-12
850,Modern Love Is Automatic,A Flock Of Seagulls,Album None,Rock,229,track_00850,11,False,0,1,4,11000,1982-04-30
851,Because of You,Kelly Clarkson,Album None,Pop,219,track_00851,35,False,3,1,3,35500,2004-01-01
852,Evil Woman,Electric Light Orchestra,Album None,Rock,259,track_00852,0,False,3,0,4,0,2000-09-19
853,Wild In Saint Antoine,Gordo Sarkasmus,Album None,Pop,271,track_00853,18,False,2,0,4,18000,2015-03-19
854,"Ain't 2 Proud 2 Beg - U.S. 7"" Edit",TLC,Album None,R&B,248,track_00854,0,False,3,1,3,0,2008-01-01
855,Mother - 8 Mix,Smallpools,Album None,Pop,237,track_00855,23,False,3,1,4,23500,2017-11-17
856,How You Remind Me,Nickelback,Album None,Rock,223,track_00856,39,True,1,0,4,39000,2001-09-11
857,All Work,Curren$y,Album None,Rap / Hip-hop,150,track_00857,28,False,0,1,4,28000,2019-12-20
858,Hey Little Girl (Single Mix) - Remastered,ICEHOUSE,Album None,Pop,220,track_00858,0,False,10,1,4,0,2013-09-20
859,Awake,Electric Guest,Album None,Pop,300,track_00859,22,True,0,0,4,22000,2012-04-23
860,When We Lie,Anything Box,Album None,Rock,234,track_00860,11,False,0,0,4,11500,1990-03-20
861,Tongue Tied,Grouplove,Album None,Pop,218,track_00861,39,False,10,1,4,39000,2011-09-02
862,Dream Police,Cheap Trick,Album None,Rock,231,track_00862,12,False,5,0,4,12000,2004-03-02
863,Gasoline,Whiskey Myers,Album None,Rock,239,track_00863,24,False,7,0,4,24000,2019-09-27
864,"Heavy, California",Jungle,Album None,Pop,184,track_00864,31,False,3,0,4,31000,2018-09-14
865,7 Days,Craig David,Album None,R&B,235,track_00865,35,False,9,1,4,35000,2001-03-03
866,Anghel,Stonefree,Album None,Rock,218,track_00866,23,False,3,1,3,23500,2006-01-30
867,Dance The Night Away,Van Halen,Album None,Rock,189,track_00867,1,False,0,0,4,1000,1979-01-01
868,You're Crazy,Guns N' Roses,Album None,Rock,197,track_00868,2,False,4,0,4,2000,1987-01-01
869,Beast,Nico Vega,Album None,Rap / Hip-hop,240,track_00869,24,False,11,1,4,24000,2013-02-05
870,Vuelva A Ver - Remix,Dalex,Album None,Pop,267,track_00870,35,False,9,0,4,35000,2019-05-10
871,Brave,Don Diablo,Album None,Pop,184,track_00871,34,False,2,1,4,34000,2019-04-26
872,Hell Yeah,Rev Theory,Album None,Rock,247,track_00872,2,False,6,1,4,2000,2008-01-01
873,Flashbacks,Marshmello,Album None,Rap / Hip-hop,165,track_00873,26,True,6,1,4,26000,2018-06-22
874,Rats,Ghost,Album None,Rock,261,track_00874,0,False,4,1,4,0,2018-04-13
875,Intro,Gzuz,Album None,Rap / Hip-hop,174,track_00875,27,False,8,0,4,27500,2016-05-27
876,Know Til Now - Pixelated Remix,Jim James,Album None,R&B,384,track_00876,0,False,6,1,4,0,2013-01-01
877,Supernatural,Apollo LTD,Album None,Pop,213,track_00877,0,False,2,1,4,0,2018-03-09
878,Owner of a Lonely Heart,Yes,Album None,Rock,268,track_00878,34,False,0,1,4,34500,1983-06-01
879,Groove Me,King Floyd,Album None,R&B,184,track_00879,29,False,7,0,4,29500,1994-06-14
880,Ella Es Mi Fiesta - Remix,Carlos Vives,Album None,Pop,191,track_00880,28,False,6,1,4,28500,2015-02-24
881,All Along The Watchtower,Jimi Hendrix,Album None,Rock,239,track_00881,4,False,1,1,4,4000,2009-02-24
882,Lightning Strikes,Steve Aoki,Album None,EDM,238,track_00882,24,False,6,0,4,24000,2015-05-11
883,Good Time - Live From Spotify NYC,Owl City,Album None,Pop,204,track_00883,0,False,0,0,4,0,2012-01-01
884,Mala (feat. Nio Garcia & Casper Mágico) - Remix,Reykon,Album None,Pop,294,track_00884,20,False,5,0,4,20000,2018-07-20
885,Hoy - Spanish Version,Gloria Estefan,Album None,Pop,207,track_00885,25,False,4,1,5,25500,1993-01-01
886,La Bicicleta,Carlos Vives,Album None,Pop,229,track_00886,36,False,0,0,4,36500,2017-11-10
887,Try,6o,Album None,Rap / Hip-hop,148,track_00887,26,False,8,0,4,26500,2019-12-27
888,Chicago Boy,Ari Lennox,Album None,R&B,288,track_00888,28,True,7,1,4,29000,2019-05-07
889,Play It Cool,Monsta X,Album None,Pop,186,track_00889,28,False,1,1,4,28000,2019-02-18
890,What Lovers Do (feat. SZA),Maroon 5,Album None,Pop,199,track_00890,38,False,6,0,4,38500,2018-06-15
891,Six Feet Under The Stars,All Time Low,Album None,Pop,216,track_00891,0,False,3,0,4,0,2008-08-04
892,Mi Gente (feat. Beyoncé),J Balvin,Album None,Pop,209,track_00892,30,False,3,0,4,30500,2017-09-28
893,Only One,Yellowcard,Album None,Rock,257,track_00893,31,False,2,0,4,31500,2003-01-01
894,Beautiful Day,U2,Album None,Rock,248,track_00894,36,False,9,1,4,36000,2000-01-01
895,True G (feat. BRUX),Matroda,Album None,EDM,201,track_00895,17,False,6,0,4,17500,2019-03-22
896,Ignite - 2016 League Of Legends World Championship,Zedd,Album None,EDM,195,track_00896,0,False,6,0,4,500,2016-09-23
897,Look At Us Now,The Him,Album None,EDM,163,track_00897,19,False,3,0,4,19000,2018-11-09
898,What Do You Love,Seeb,Album None,Pop,211,track_00898,4,False,2,0,4,4500,2016-10-14
899,Candy Shop,50 Cent,Album None,Rap / Hip-hop,208,track_00899,3,True,11,1,4,3500,2005-03-03
900,Bounce It (feat. Stonebwoy),Collie Buddz,Album None,Pop,188,track_00900,28,False,2,1,4,28000,2019-05-24
901,Layla,Derek & The Dominos,Album None,Rock,423,track_00901,14,False,8,0,4,14000,1995-03-07
902,Neutron Dance - Edit,Krystal Klear,Album None,EDM,171,track_00902,24,False,6,0,4,24000,2018-05-04
903,Superman,Kubi Producent,Album None,Rap / Hip-hop,183,track_00903,25,False,0,1,4,25500,2018-07-13
904,Where Them Niggaz At?,Pastor Troy,Album None,Rap / Hip-hop,213,track_00904,4,False,3,0,4,4500,2005-03-01
905,Encima De Mi,Rauw Alejandro,Album None,Rap / Hip-hop,224,track_00905,31,True,6,0,4,31500,2019-05-31
906,Wake Up - Radio Edit,Jay Hardway,Album None,EDM,179,track_00906,0,True,8,1,4,0,2015-07-10
907,Whole Lotta Love - 1990 Remaster,Led Zeppelin,Album None,Rock,333,track_00907,38,False,6,0,4,38000,1969-10-22
908,Hostage,Unodavid,Album None,Rap / Hip-hop,131,track_00908,1,False,3,0,4,1500,2019-04-26
909,You,Jesse Powell,Album None,R&B,318,track_00909,24,False,11,1,4,24500,1996-01-01
910,Molly,Tyga,Album None,Rap / Hip-hop,218,track_00910,26,False,9,0,4,26000,2013-01-01
911,Faith - Remastered,George Michael,Album 105,Pop,193,track_00911,37,False,9,1,4,37500,1987-10-30
912,Play Nice,Nause,Album None,EDM,150,track_00912,20,False,11,1,4,20500,2019-09-30
913,Mi soledad y yo,Alejandro Sanz,Album None,Pop,298,track_00913,26,True,10,0,4,26000,2004-09-23
914,Want to Want Me,Jason Derulo,Album None,EDM,207,track_00914,24,False,5,0,4,24500,2015-03-09
915,On The Road (feat. Meek Mill & Lil Baby),Post Malone,Album None,Rap / Hip-hop,218,track_00915,22,False,1,1,4,22000,2019-09-06
916,Rather Be,Clean Bandit,Album None,Pop,231,track_00916,23,False,10,1,4,23000,2014-05-25
917,My Homeboy's Girlfriend,8Ball,Album None,Rap / Hip-hop,277,track_00917,17,False,2,1,4,17500,1998-05-19
918,Indecision,Shura,Album None,Pop,214,track_00918,0,False,7,0,4,0,2014-01-01
919,I'm Bad,LL Cool J,Album None,Rap / Hip-hop,279,track_00919,23,False,7,1,4,23500,1987-07-22
920,My Darling,Eminem,Album None,Rap / Hip-hop,319,track_00920,0,False,2,0,4,0,2009-05-15
921,Rub You The Right Way,Johnny Gill,Album None,R&B,340,track_00921,6,False,11,0,4,6000,2011-01-01
922,Don't Kill My High (feat. Wiz Khalifa & Social House),Lost Kings,Album None,EDM,180,track_00922,2,False,11,1,4,2000,2019-01-04
923,Above Water,Manu Crooks,Album None,Rap / Hip-hop,151,track_00923,25,False,7,0,4,25000,2019-10-11
924,Loudspeaker,MUNA,Album None,Pop,210,track_00924,0,True,9,1,4,0,2015-09-09
925,Mo Better,Raheem DeVaughn,Album None,R&B,459,track_00925,2,False,5,1,4,2500,2008-08-25
926,Life Is A Highway,Tom Cochrane,Album None,Rock,266,track_00926,31,False,5,1,5,31000,1992-01-01
927,A Day In The Life - Remastered 2009,The Beatles,Album None,Rock,337,track_00927,33,False,6,0,5,33000,1967-06-01
928,Skyline,Möwe,Album None,Pop,163,track_00928,28,False,2,0,4,28500,2017-05-19
929,Nunca Es Suficiente,Los Angeles Azules,Album None,Pop,266,track_00929,38,True,10,1,4,38000,2018-06-08
930,Grow Up - Martin Jensen Remix,Olly Murs,Album None,Pop,206,track_00930,22,False,8,1,4,22500,2016-11-18
931,The Truth,Moonchild,Album None,R&B,219,track_00931,20,False,11,1,4,20000,2015-11-20
932,Let It Rain,Eric Clapton,Album None,Rock,302,track_00932,7,True,4,0,4,7500,1970-08-01
933,Lemonade,Gucci Mane,Album None,Rap / Hip-hop,246,track_00933,23,False,2,1,4,23500,2009-12-07
934,Did My Best,The Voidz,Album None,Rock,296,track_00934,30,False,11,1,4,30000,2019-12-13
935,Sunset Lover,Petit Biscuit,Album None,Pop,237,track_00935,38,False,5,1,4,38500,2015-01-01
936,Calling All the Monsters,China Anne McClain,Album None,Pop,206,track_00936,23,False,1,1,4,23500,2011-01-01
937,Mannish Boy,Jimi Hendrix,Album None,Rock,301,track_00937,25,False,7,1,4,25500,2018-03-09
938,Big Love - 2017 Remaster,Fleetwood Mac,Album None,Rock,223,track_00938,28,False,4,1,4,29000,1987-04-13
939,Make Your Mark,Drew Ryan Scott,Album None,Pop,217,track_00939,10,False,4,1,4,10500,2012-01-01
940,TRACK UNO,KAYTRANADA,Album None,R&B,344,track_00940,26,False,3,0,4,26000,2016-05-06
941,Damn It Feels Good to Be a Gangsta,Geto Boys,Album None,Rap / Hip-hop,310,track_00941,30,True,2,0,5,30000,1992-11-17
942,What Have I Done,Dermot Kennedy,Album None,R&B,217,track_00942,33,False,5,0,4,33000,2019-10-04
943,TiK ToK,Kesha,Album None,Pop,199,track_00943,40,False,10,1,4,40000,2010-01-01
944,Straight Gangstaism,Geto Boys,Album 203,Rap / Hip-hop,266,track_00944,17,False,11,1,5,17000,1993-03-09
945,The Sign,Ace of Base,Album None,Pop,191,track_00945,34,False,5,1,4,34000,1993-01-01
946,Military Fashion Show,And One,Album None,Pop,268,track_00946,0,False,6,0,5,0,2006-09-01
947,Bout Me (feat. Problem & Iamsu),Wiz Khalifa,Album None,Rap / Hip-hop,208,track_00947,21,False,7,0,5,21500,2012-12-04
948,Work It Out,Knox Hamilton,Album None,Pop,206,track_00948,24,False,11,1,4,24000,2017-03-10
949,Proxy - Original Mix,Martin Garrix,Album None,EDM,279,track_00949,0,False,5,1,4,500,2014-03-07
950,We Start Fires,Little Giants,Album None,Pop,228,track_00950,23,False,4,0,4,23500,2016-10-21
951,If I Had No Loot,Tony! Toni! Toné!,Album None,R&B,241,track_00951,0,False,11,1,4,0,1993-01-01
952,Spotless,Martin Garrix,Album None,EDM,195,track_00952,26,False,3,0,4,26500,2016-10-28
953,A Warrior's Call,Volbeat,Album None,Rock,263,track_00953,31,False,8,0,4,31500,2010-01-01
954,Euphoria,Destiny Rogers,Album None,R&B,196,track_00954,26,False,6,1,4,26500,2019-12-05
955,With Or Without You - Kage Remix,Maddix,Album None,EDM,204,track_00955,16,False,8,0,4,16000,2019-12-13
956,Animals - Original Mix,Martin Garrix,Album None,EDM,304,track_00956,2,False,11,1,4,2500,2013-07-01
957,I Would Like,Zara Larsson,Album None,Pop,226,track_00957,4,False,4,0,4,4000,2016-01-01
958,Stronger Than Me,Amy Winehouse,Album None,R&B,214,track_00958,2,False,6,0,4,2500,2015-10-30
959,Mad Izm,Channel Live,Album None,Rap / Hip-hop,255,track_00959,20,False,0,0,4,20500,1995-01-01
960,I Don't Care (with Justin Bieber),Ed Sheeran,Album None,Pop,219,track_00960,42,True,1,0,4,42000,2019-07-12
961,Freddy Krueger (feat. Tee Grizzley),YNW Melly,Album None,Rap / Hip-hop,244,track_00961,38,False,8,1,4,38000,2018-11-23
962,The Day You Said Goodnight,Hale,Album None,Rock,291,track_00962,33,False,11,0,4,33000,2005-01-01
963,Aquarius / Let the Sunshine In (The Flesh Failures) [Remastered],The 5th Dimension,Album None,Rock,289,track_00963,27,False,4,1,4,27500,2000-03-23
964,Reach (NBC Olympic Version),Gloria Estefan,Album None,Pop,230,track_00964,22,False,6,1,4,22500,1996-05-08
965,Big Area,Then Jerico,Album None,Pop,289,track_00965,0,False,3,1,4,0,1990-06-12
966,So Good Looking,The Kooks,Album None,Pop,203,track_00966,26,False,1,1,4,26500,2019-06-21
967,Mis Impulsos Sobre Ti - Remastered,Aleks Syntek,Album None,Pop,274,track_00967,22,False,3,1,4,22500,2002-01-01
968,Just Got Paid,Johnny Kemp,Album None,R&B,153,track_00968,0,False,2,1,4,0,1996-01-01
969,Oh! Sweet Nuthin' - 2015 Remastered,The Velvet Underground,Album None,Rock,445,track_00969,33,False,7,0,4,33000,1970-01-01
970,Ms. Jackson,OutKast,Album None,Rap / Hip-hop,270,track_00970,38,False,2,0,3,38500,2000-10-31
971,Klanga - De Hofnar Remix,Gostan,Album None,Pop,264,track_00971,2,True,2,0,4,2500,2014-11-28
972,We Like To Party,RetroVision,Album None,EDM,172,track_00972,28,False,7,0,4,29000,2019-05-17
973,Cruise,Florida Georgia Line,Album None,Pop,208,track_00973,35,False,3,0,4,35000,2012-01-01
974,Let Your Body Learn,Nitzer Ebb,Album None,Pop,168,track_00974,8,False,11,1,4,8000,1987-01-01
975,1st & 10 (Featuring Infamous 2-0 & Fate Wilson),Ludacris,Album None,Rap / Hip-hop,223,track_00975,13,False,9,1,4,13000,2000-01-01
976,Feel Invincible,Skillet,Album None,Rock,229,track_00976,36,False,9,0,4,36000,2016-08-05
977,Piensan,Myke Towers,Album None,Pop,173,track_00977,40,True,4,1,4,40500,2019-09-13
978,In My Bed - So So Def Mix,Dru Hill,Album None,R&B,242,track_00978,28,False,5,1,4,28000,2005-10-11
979,Classic (feat. Fetty Wap & POWERS ),The Knocks,Album None,EDM,219,track_00979,21,False,0,1,4,21500,2015-07-31
980,Say It Again,AJ Mitchell,Album None,Pop,206,track_00980,31,False,5,1,4,31000,2019-11-08
981,When Something Is Wrong With My Baby,Sam & Dave,Album None,R&B,195,track_00981,0,False,9,1,5,500,1995-01-01
982,Run Away,Real McCoy,Album None,Pop,244,track_00982,24,False,3,1,4,24500,1995-03-28
983,Firme Hina,Proper Dos,Album 171,Pop,243,track_00983,10,False,8,0,4,10000,2003-01-01
984,My Love,Route 94,Album None,Pop,262,track_00984,7,False,0,1,4,7000,2014-01-01
985,Younger - Kygo Remix,Seinabo Sey,Album None,Pop,351,track_00985,2,False,6,1,4,2500,2015-10-23
986,No More,Disturbed,Album None,Rock,232,track_00986,28,False,10,1,4,28500,2018-10-18
987,Something About You - Odesza Remix,Hayden James,Album None,EDM,341,track_00987,25,False,9,1,4,25500,2015-08-21
988,Somethin Serious,Big Mike,Album None,Rap / Hip-hop,225,track_00988,11,False,2,1,4,11000,1994-01-01
989,Heaven Knows,The Pretty Reckless,Album None,Rap / Hip-hop,224,track_00989,1,False,8,1,4,1500,2014-03-17
990,Amanece,Caifanes,Album None,Rock,193,track_00990,23,False,3,1,4,23500,1988-05-15
991,Te Guste,Jennifer Lopez,Album None,Rap / Hip-hop,222,track_00991,29,False,6,1,4,29500,2018-11-09
992,Tell Me What You Want Me to Do,Tevin Campbell,Album None,R&B,256,track_00992,21,True,7,1,4,21500,1991-01-01
993,Falling Like The Stars - Madism Remix,James Arthur,Album None,Pop,181,track_00993,29,True,5,0,4,29500,2019-05-24
994,Middle Finger,Bohnes,Album None,Pop,229,track_00994,33,False,1,0,4,33000,2015-12-14
995,Magnifico difetto,Benji & Fede,Album None,R&B,204,track_00995,33,False,10,1,4,33500,2019-10-18
996,PILLOWTALK,ZAYN,Album None,Pop,203,track_00996,32,False,9,1,4,32500,2016-08-22
997,Party Rock Anthem,LMFAO,Album None,Pop,262,track_00997,33,False,7,1,4,33500,2011-01-01
998,Do You Remember,Jarryd James,Album None,Pop,234,track_00998,2,False,0,0,4,2500,2015-09-03
999,Prrrum,Cosculluela,Album None,Pop,237,track_00999,0,False,3,0,4,500,2009-01-01
1000,Vamos a Portarnos Mal,Alkilados,Album None,Pop,183,track_01000,28,False,11,0,4,28000,2019-12-20
